Release Index,File,LOC,LOC Thouched,LOC Added,MAX LOC Added,AVERAGE LOC Added,Num Revisions,Num Authors,Churn,MAX Churn,AVERAGE Churn,ChgSet Size,MAX ChgSetSize,AVERAGE ChgSetSize,Buggy,Num Bugs
14,src/test/java/org/apache/distributedlog/TestBKDistributedLogManager.java,1100,312,77,45,25.666666666666668,3,2,-2,4,-0.6666666666666666,257,253,85.66666666666667,?,0
14,src/test/java/org/apache/distributedlog/TestWriteLimiter.java,187,34,10,10,10.0,1,1,3,3,3.0,253,253,253.0,?,0
14,src/main/java/org/apache/distributedlog/impl/acl/package-info.java,19,42,21,21,21.0,1,1,21,21,21.0,253,253,253.0,?,0
14,site/docs/4.6.0/deployment/kubernetes.md,4,8,4,4,4.0,1,1,4,4,4.0,30,30,30.0,?,0
14,site/docs/latest/getting-started/installation.md,53,12,3,3,3.0,1,1,0,0,0.0,2,2,2.0,?,0
14,bookkeeper-server/src/main/java/org/apache/bookkeeper/server/service/package-info.java,18,44,22,22,22.0,1,1,22,22,22.0,40,40,40.0,?,0
14,site/img/favicon.ico,6,0,0,0,0.0,1,1,0,0,0.0,14,14,14.0,?,0
14,src/main/java/org/apache/distributedlog/admin/package-info.java,19,4,1,1,1.0,1,1,0,0,0.0,253,253,253.0,?,0
14,site/docs/latest/deployment/kubernetes.md,127,40,19,19,19.0,1,1,18,18,18.0,2,2,2.0,?,0
14,dlfs/src/test/java/org/apache/distributedlog/fs/TestDLFileSystem.java,196,458,229,229,229.0,1,1,229,229,229.0,9,9,9.0,?,0
14,site/docs/4.5.0/overview/overview.md,44,52,14,11,7.0,2,2,2,2,1.0,19,14,9.5,?,0
14,bookkeeper-server/src/main/java/org/apache/bookkeeper/bookie/ReadOnlyBookie.java,53,8,2,2,2.0,1,1,0,0,0.0,11,11,11.0,?,0
14,bookkeeper-server/src/main/java/org/apache/bookkeeper/versioning/Versioned.java,27,62,10,10,10.0,1,1,-11,0,-11.0,33,33,33.0,?,0
14,bookkeeper-server/src/main/java/org/apache/bookkeeper/zookeeper/package-info.java,19,46,23,23,23.0,1,1,23,23,23.0,33,33,33.0,?,0
14,site/docs/4.5.1/getting-started/installation.md,53,148,74,74,74.0,1,1,74,74,74.0,30,30,30.0,?,0
14,site/docs/4.5.1/getting-started/run-locally.md,12,32,16,16,16.0,1,1,16,16,16.0,30,30,30.0,?,0
14,src/main/java/org/apache/distributedlog/injector/FailureInjector.java,31,4,1,1,1.0,1,1,0,0,0.0,253,253,253.0,?,0
14,site/img/bk-logo.png,1119,0,0,0,0.0,1,1,0,0,0.0,14,14,14.0,?,0
14,src/test/java/org/apache/distributedlog/lock/TestZKSessionLock.java,1048,210,58,58,58.0,1,1,11,11,11.0,253,253,253.0,?,0
14,bookkeeper-server/src/main/java/org/apache/bookkeeper/bookie/TransactionalEntryLogCompactor.java,341,776,388,388,388.0,1,1,388,388,388.0,10,10,10.0,?,0
14,bookkeeper-server/src/main/java/org/apache/bookkeeper/client/LedgerHandleAdv.java,215,158,40,24,13.333333333333334,3,3,1,13,0.3333333333333333,65,55,21.666666666666668,?,0
14,bookkeeper-server/src/main/java/org/apache/bookkeeper/proto/PerChannelBookieClient.java,1707,3070,657,513,109.5,6,3,-221,28,-36.833333333333336,14,7,2.3333333333333335,?,0
14,bookkeeper-http/http-server/src/main/java/org/apache/bookkeeper/http/HttpRouter.java,84,102,47,47,47.0,1,1,43,43,43.0,49,49,49.0,?,0
14,site/docs/4.6.0/deployment/dcos.md,91,284,142,142,142.0,1,1,142,142,142.0,30,30,30.0,?,0
14,src/main/java/org/apache/distributedlog/BKLogHandler.java,661,70,21,21,21.0,1,1,7,7,7.0,253,253,253.0,?,0
14,bookkeeper-server/src/main/java/org/apache/bookkeeper/versioning/LongVersion.java,56,4,1,1,1.0,1,1,0,0,0.0,33,33,33.0,?,0
14,src/main/java/org/apache/distributedlog/impl/acl/ZKAccessControlManager.java,345,124,35,35,35.0,1,1,8,8,8.0,253,253,253.0,?,0
14,buildtools/src/main/resources/bookkeeper/findbugsExclude.xml,88,74,37,21,18.5,2,2,37,21,18.5,77,55,38.5,?,0
14,src/main/java/org/apache/distributedlog/zk/ZKTransaction.java,91,4,1,1,1.0,1,1,0,0,0.0,253,253,253.0,?,0
14,bookkeeper-server/src/main/java/org/apache/bookkeeper/discover/RegistrationManager.java,89,216,108,108,108.0,1,1,108,108,108.0,15,15,15.0,?,0
14,bookkeeper-server/src/test/java/org/apache/bookkeeper/auth/TestAuth.java,676,52,14,14,14.0,1,1,2,2,2.0,25,25,25.0,?,0
14,src/main/java/org/apache/distributedlog/zk/DefaultZKOp.java,44,4,1,1,1.0,1,1,0,0,0.0,253,253,253.0,?,0
14,src/test/java/org/apache/distributedlog/config/TestDynamicDistributedLogConfiguration.java,242,18,6,6,6.0,1,1,3,3,3.0,253,253,253.0,?,0
14,bookkeeper-server/src/main/java/org/apache/bookkeeper/client/api/BookKeeper.java,59,146,73,73,73.0,1,1,73,73,73.0,55,55,55.0,?,0
14,bookkeeper-common/src/main/java/org/apache/bookkeeper/common/util/LogExceptionRunnable.java,42,108,54,54,54.0,1,1,54,54,54.0,6,6,6.0,?,0
14,bookkeeper-server/src/test/java/org/apache/bookkeeper/bookie/IndexPersistenceMgrTest.java,232,292,141,137,70.5,2,2,136,136,68.0,7,5,3.5,?,0
14,bookkeeper-server/src/main/java/org/apache/bookkeeper/client/LedgerMetadata.java,550,8,3,3,3.0,1,1,2,2,2.0,55,55,55.0,?,0
14,src/main/java/org/apache/distributedlog/impl/BKNamespaceDriver.java,577,128,37,37,37.0,1,1,10,10,10.0,253,253,253.0,?,0
14,site/docs/4.5.1/admin/upgrade.md,49,146,73,73,73.0,1,1,73,73,73.0,30,30,30.0,?,0
14,src/test/java/org/apache/distributedlog/impl/TestZKLogSegmentFilters.java,66,38,12,12,12.0,1,1,5,5,5.0,253,253,253.0,?,0
14,bookkeeper-server/src/main/java/org/apache/bookkeeper/client/api/BKException.java,220,472,236,236,236.0,1,1,236,236,236.0,55,55,55.0,?,0
14,bookkeeper-common/src/main/java/org/apache/bookkeeper/common/conf/package-info.java,19,42,21,21,21.0,1,1,21,21,21.0,40,40,40.0,?,0
14,bookkeeper-server/src/test/java/org/apache/bookkeeper/client/BookKeeperAdminTest.java,209,12,3,2,1.5,2,2,0,0,0.0,44,40,22.0,?,0
14,bookkeeper-common/src/main/java/org/apache/bookkeeper/common/annotation/package-info.java,18,0,0,0,0.0,1,1,0,0,0.0,40,40,40.0,?,0
14,bookkeeper-server/src/test/java/org/apache/bookkeeper/client/BookKeeperTestClient.java,49,10,2,2,2.0,1,1,-1,0,-1.0,25,25,25.0,?,0
14,bookkeeper-server/src/test/java/org/apache/bookkeeper/client/TestDelayEnsembleChange.java,322,8,2,2,2.0,1,1,0,0,0.0,55,55,55.0,?,0
14,bookkeeper-server/src/main/java/org/apache/bookkeeper/feature/SettableFeatureProvider.java,34,10,2,2,2.0,1,1,-1,0,-1.0,33,33,33.0,?,0
14,bookkeeper-common/src/main/java/org/apache/bookkeeper/common/annotation/InterfaceStability.java,41,0,0,0,0.0,1,1,0,0,0.0,40,40,40.0,?,0
14,site/docs/4.6.0/api/ledger-adv-api.md,59,164,82,82,82.0,1,1,82,82,82.0,30,30,30.0,?,0
14,src/main/java/org/apache/distributedlog/api/DistributedLogManager.java,374,280,83,59,41.5,2,1,26,24,13.0,256,253,128.0,?,0
14,site/docs/4.5.1/reference/cli.md,7,20,10,10,10.0,1,1,10,10,10.0,30,30,30.0,?,0
14,pom.xml,35,472,217,126,18.083333333333332,12,5,198,126,16.5,416,253,34.666666666666664,?,0
14,site/docs/4.5.1/reference/config.md,6,18,9,9,9.0,1,1,9,9,9.0,30,30,30.0,?,0
14,src/main/java/org/apache/distributedlog/impl/logsegment/BKLogSegmentEntryReader.java,786,84,23,23,23.0,1,1,4,4,4.0,253,253,253.0,?,0
14,src/main/java/org/apache/distributedlog/util/Allocator.java,85,66,16,16,16.0,1,1,-1,0,-1.0,253,253,253.0,?,0
14,bookkeeper-server/src/main/java/org/apache/bookkeeper/bookie/Bookie.java,1420,828,147,96,73.5,2,1,-120,42,-60.0,26,15,13.0,?,0
14,bookkeeper-server/src/main/java/org/apache/bookkeeper/client/BookKeeperAdmin.java,1350,1254,360,299,90.0,4,3,93,112,23.25,106,55,26.5,?,0
14,src/main/java/org/apache/distributedlog/logsegment/LogSegmentFilter.java,35,8,2,2,2.0,1,1,0,0,0.0,253,253,253.0,?,0
14,bookkeeper-server/src/main/java/org/apache/bookkeeper/client/BookKeeper.java,1302,612,163,97,81.5,2,2,20,20,10.0,80,55,40.0,?,0
14,site/docs/4.5.1/development/codebase.md,3,6,3,3,3.0,1,1,3,3,3.0,30,30,30.0,?,0
14,bookkeeper-server/src/test/java/org/apache/bookkeeper/versioning/TestLongVersion.java,46,12,3,3,3.0,1,1,0,0,0.0,2,2,2.0,?,0
14,bookkeeper-server/src/main/java/org/apache/bookkeeper/processor/RequestProcessor.java,35,14,5,5,5.0,1,1,3,3,3.0,33,33,33.0,?,0
14,src/test/java/org/apache/distributedlog/TestDLMTestUtil.java,61,6,3,3,3.0,1,1,3,3,3.0,253,253,253.0,?,0
14,src/test/java/org/apache/distributedlog/ZooKeeperClusterTestCase.java,46,12,4,4,4.0,1,1,2,2,2.0,253,253,253.0,?,0
14,bookkeeper-stats-providers/prometheus-metrics-provider/src/main/java/org/apache/bookkeeper/stats/prometheus/PrometheusUtil.java,54,8,2,2,2.0,1,1,0,0,0.0,7,7,7.0,?,0
14,src/main/java/org/apache/distributedlog/metadata/LogStreamMetadataStore.java,108,42,17,12,8.5,2,2,13,12,6.5,258,253,129.0,?,0
14,bookkeeper-server/src/main/java/org/apache/bookkeeper/server/Main.java,282,928,397,315,79.4,5,3,330,315,66.0,124,49,24.8,?,0
14,src/main/resources/NOTICE.bin.txt,31,6,1,1,0.5,2,2,-1,0,-0.5,9,8,4.5,?,0
14,bookkeeper-common/src/main/java/org/apache/bookkeeper/common/component/Lifecycle.java,168,392,196,196,196.0,1,1,196,196,196.0,40,40,40.0,?,0
14,src/main/java/org/apache/distributedlog/lock/DistributedLockContext.java,33,12,3,3,3.0,1,1,0,0,0.0,253,253,253.0,?,0
14,src/main/java/org/apache/distributedlog/api/subscription/package-info.java,18,46,23,23,23.0,1,1,23,23,23.0,253,253,253.0,?,0
14,dlfs/src/main/java/org/apache/distributedlog/fs/DLOutputStream.java,117,280,140,140,140.0,1,1,140,140,140.0,9,9,9.0,?,0
14,bookkeeper-server/src/main/java/org/apache/bookkeeper/http/GetLastLogMarkService.java,94,218,109,109,109.0,1,1,109,109,109.0,49,49,49.0,?,0
14,bookkeeper-common/src/main/java/org/apache/bookkeeper/common/stats/package-info.java,19,42,21,21,21.0,1,1,21,21,21.0,22,22,22.0,?,0
14,bookkeeper-http/http-server/src/main/java/org/apache/bookkeeper/http/service/HeartbeatService.java,27,16,4,4,4.0,1,1,0,0,0.0,49,49,49.0,?,0
14,bookkeeper-server/src/main/java/org/apache/bookkeeper/discover/RegistrationClient.java,96,250,120,84,60.0,2,1,115,79,57.5,40,25,20.0,?,0
14,src/main/java/org/apache/distributedlog/metadata/LogMetadataForWriter.java,52,12,3,3,3.0,1,1,0,0,0.0,253,253,253.0,?,0
14,bookkeeper-common/src/main/java/org/apache/bookkeeper/common/package-info.java,18,4,0,0,0.0,1,1,-2,0,-2.0,40,40,40.0,?,0
14,bookkeeper-http/twitter-http-server/src/main/java/org/apache/bookkeeper/http/twitter/TwitterHttpHandlerFactory.java,41,60,11,11,11.0,1,1,-8,0,-8.0,49,49,49.0,?,0
14,bookkeeper-http/http-server/src/main/java/org/apache/bookkeeper/http/HttpServiceProvider.java,30,34,8,8,8.0,1,1,-1,0,-1.0,49,49,49.0,?,0
14,bookkeeper-http/vertx-http-server/src/main/java/org/apache/bookkeeper/http/vertx/VertxHttpServer.java,101,32,11,11,11.0,1,1,6,6,6.0,49,49,49.0,?,0
14,bookkeeper-server/src/test/java/org/apache/bookkeeper/client/TestRackawareEnsemblePlacementPolicy.java,776,368,144,144,144.0,1,1,104,104,104.0,19,19,19.0,?,0
14,src/main/java/org/apache/distributedlog/config/DynamicConfigurationFactory.java,84,34,11,11,11.0,1,1,5,5,5.0,253,253,253.0,?,0
14,bookkeeper-server/src/main/java/org/apache/bookkeeper/discover/package-info.java,18,44,22,22,22.0,1,1,22,22,22.0,15,15,15.0,?,0
14,src/main/java/org/apache/distributedlog/api/AsyncLogWriter.java,73,10,4,4,4.0,1,1,3,3,3.0,253,253,253.0,?,0
14,src/main/java/org/apache/distributedlog/impl/logsegment/BKLogSegmentRandomAccessEntryReader.java,116,36,10,10,10.0,1,1,2,2,2.0,253,253,253.0,?,0
14,src/test/java/org/apache/distributedlog/TestBKLogReadHandler.java,351,38,10,10,10.0,1,1,1,1,1.0,253,253,253.0,?,0
14,src/main/java/org/apache/distributedlog/impl/subscription/package-info.java,19,42,21,21,21.0,1,1,21,21,21.0,253,253,253.0,?,0
14,src/main/java/org/apache/distributedlog/function/package-info.java,19,4,1,1,1.0,1,1,0,0,0.0,253,253,253.0,?,0
14,bookkeeper-server/src/test/java/org/apache/bookkeeper/client/api/BookKeeperBuildersTest.java,276,636,318,318,318.0,1,1,318,318,318.0,55,55,55.0,?,0
14,bookkeeper-server/src/main/java/org/apache/bookkeeper/bookie/SyncThread.java,188,146,47,47,47.0,1,1,21,21,21.0,11,11,11.0,?,0
14,src/test/java/org/apache/distributedlog/TestSequenceID.java,206,22,5,5,5.0,1,1,-1,0,-1.0,253,253,253.0,?,0
14,bookkeeper-server/src/main/java/org/apache/bookkeeper/util/LocalBookKeeper.java,351,10,3,3,3.0,1,1,1,1,1.0,25,25,25.0,?,0
14,src/test/java/org/apache/distributedlog/zk/TestZKTransaction.java,82,22,6,6,6.0,1,1,1,1,1.0,253,253,253.0,?,0
14,bookkeeper-server/src/main/java/org/apache/bookkeeper/client/LedgerHandle.java,1667,592,134,116,33.5,4,4,-28,0,-7.0,126,55,31.5,?,0
14,site/docs/4.6.0/overview/releaseNotes.md,443,1018,509,509,509.0,1,1,509,509,509.0,30,30,30.0,?,0
14,bookkeeper-http/http-server/src/main/java/org/apache/bookkeeper/http/service/HttpServiceResponse.java,44,20,5,5,5.0,1,1,0,0,0.0,49,49,49.0,?,0
14,src/main/java/org/apache/distributedlog/WriteLimiter.java,51,4,1,1,1.0,1,1,0,0,0.0,253,253,253.0,?,0
14,bookkeeper-server/src/main/java/org/apache/bookkeeper/bookie/Journal.java,919,16,4,4,4.0,1,1,0,0,0.0,49,49,49.0,?,0
14,src/test/java/org/apache/distributedlog/admin/TestDistributedLogAdmin.java,163,76,21,21,21.0,1,1,4,4,4.0,253,253,253.0,?,0
14,bookkeeper-server/src/main/java/org/apache/bookkeeper/http/ListDiskFilesService.java,112,264,132,132,132.0,1,1,132,132,132.0,49,49,49.0,?,0
14,bookkeeper-server/src/test/java/org/apache/bookkeeper/bookie/CompactionTest.java,929,622,261,260,130.5,2,2,211,212,105.5,12,10,6.0,?,0
14,src/main/java/org/apache/distributedlog/metadata/MetadataUpdater.java,106,16,4,4,4.0,1,1,0,0,0.0,253,253,253.0,?,0
14,src/main/java/org/apache/distributedlog/DistributedLogConstants.java,63,10,2,2,2.0,1,1,-1,0,-1.0,253,253,253.0,?,0
14,bookkeeper-server/src/main/java/org/apache/bookkeeper/bookie/EntryLocation.java,37,24,12,12,12.0,1,1,12,12,12.0,10,10,10.0,?,0
14,site/docs/4.6.0/admin/perf.md,3,6,3,3,3.0,1,1,3,3,3.0,30,30,30.0,?,0
14,site/docs/4.5.1/api/overview.md,12,34,17,17,17.0,1,1,17,17,17.0,30,30,30.0,?,0
14,bookkeeper-server/src/main/java/org/apache/bookkeeper/conf/AbstractConfiguration.java,430,10,1,1,1.0,1,1,-3,0,-3.0,33,33,33.0,?,0
14,src/main/java/org/apache/distributedlog/lock/SessionLock.java,113,60,17,17,17.0,1,1,4,4,4.0,253,253,253.0,?,0
14,site/docs/4.6.0/api/distributedlog-api.md,266,790,395,395,395.0,1,1,395,395,395.0,30,30,30.0,?,0
14,bookkeeper-server/src/main/java/org/apache/bookkeeper/conf/package-info.java,19,46,23,23,23.0,1,1,23,23,23.0,33,33,33.0,?,0
14,src/main/java/org/apache/distributedlog/BKAsyncLogReader.java,675,108,30,30,30.0,1,1,6,6,6.0,253,253,253.0,?,0
14,src/test/java/org/apache/distributedlog/TestDistributedLogBase.java,232,78,21,21,21.0,1,1,3,3,3.0,253,253,253.0,?,0
14,bookkeeper-server/src/main/java/org/apache/bookkeeper/conf/Configurable.java,39,22,6,6,6.0,1,1,1,1,1.0,33,33,33.0,?,0
14,bookkeeper-server/src/main/java/org/apache/bookkeeper/server/package-info.java,20,48,24,24,24.0,1,1,24,24,24.0,40,40,40.0,?,0
14,dlfs/src/test/resources/dlfs.conf,22,54,27,27,27.0,1,1,27,27,27.0,9,9,9.0,?,0
14,buildtools/src/main/resources/bookkeeper/server-suppressions.xml,38,30,6,5,2.0,3,2,-3,5,-1.0,107,55,35.666666666666664,?,0
14,bookkeeper-server/src/main/java/org/apache/bookkeeper/replication/Auditor.java,697,94,15,8,3.75,4,3,-17,0,-4.25,91,40,22.75,?,0
14,src/test/java/org/apache/distributedlog/acl/TestZKAccessControl.java,125,22,8,8,8.0,1,1,5,5,5.0,253,253,253.0,?,0
14,bookkeeper-server/src/main/java/org/apache/bookkeeper/proto/ResponseBuilder.java,37,8,2,2,2.0,1,1,0,0,0.0,7,7,7.0,?,0
14,bookkeeper-server/bin/bookkeeper,173,28,7,6,3.5,2,1,0,0,0.0,41,40,20.5,?,0
14,src/main/java/org/apache/distributedlog/api/LogReader.java,163,106,25,25,25.0,1,1,-3,0,-3.0,253,253,253.0,?,0
14,site/docs/4.5.1/security/sasl.md,146,404,202,202,202.0,1,1,202,202,202.0,30,30,30.0,?,0
14,bookkeeper-server/src/main/java/org/apache/bookkeeper/conf/ClientConfiguration.java,1494,66,30,28,15.0,2,2,27,28,13.5,58,33,29.0,?,0
14,bookkeeper-common/src/main/java/org/apache/bookkeeper/common/concurrent/package-info.java,18,44,22,22,22.0,1,1,22,22,22.0,22,22,22.0,?,0
14,bookkeeper-server/src/main/java/org/apache/bookkeeper/bookie/InterleavedLedgerStorage.java,403,8,2,2,2.0,1,1,0,0,0.0,4,4,4.0,?,0
14,bookkeeper-server/src/main/java/org/apache/bookkeeper/client/LedgerDeleteOp.java,128,140,63,63,63.0,1,1,56,56,56.0,55,55,55.0,?,0
14,src/main/java/org/apache/distributedlog/util/package-info.java,19,4,1,1,1.0,1,1,0,0,0.0,253,253,253.0,?,0
14,site/docs/4.6.0/development/protocol.md,88,296,148,148,148.0,1,1,148,148,148.0,30,30,30.0,?,0
14,src/main/java/org/apache/distributedlog/api/namespace/NamespaceBuilder.java,248,60,16,16,16.0,1,1,2,2,2.0,253,253,253.0,?,0
14,site/img/logos/bk-logo.png,1028,0,0,0,0.0,1,1,0,0,0.0,14,14,14.0,?,0
14,bookkeeper-server/src/main/java/org/apache/bookkeeper/bookie/BookieException.java,240,172,84,84,84.0,1,1,82,82,82.0,15,15,15.0,?,0
14,bookkeeper-server/src/main/java/org/apache/bookkeeper/client/SyncCallbackUtils.java,267,642,318,311,106.0,3,2,315,311,105.0,57,55,19.0,?,0
14,src/test/java/org/apache/distributedlog/zk/TestZKVersionedSetOp.java,75,26,7,7,7.0,1,1,1,1,1.0,253,253,253.0,?,0
14,bookkeeper-common/src/main/java/org/apache/bookkeeper/common/concurrent/FutureEventListener.java,35,88,44,44,44.0,1,1,44,44,44.0,22,22,22.0,?,0
14,bookkeeper-server/src/test/java/org/apache/bookkeeper/replication/BookieAutoRecoveryTest.java,538,8,2,2,2.0,1,1,0,0,0.0,16,16,16.0,?,0
14,src/main/java/org/apache/distributedlog/feature/ConfigurationFeatureProvider.java,64,14,4,4,4.0,1,1,1,1,1.0,253,253,253.0,?,0
14,src/main/java/org/apache/distributedlog/AsyncNotification.java,27,8,2,2,2.0,1,1,0,0,0.0,253,253,253.0,?,0
14,bookkeeper-server/src/main/java/org/apache/bookkeeper/proto/WriteEntryProcessor.java,124,86,38,31,19.0,2,2,33,29,16.5,11,7,5.5,?,0
14,bookkeeper-http/http-server/src/main/java/org/apache/bookkeeper/http/AbstractHttpHandlerFactory.java,46,64,20,20,20.0,1,1,8,8,8.0,49,49,49.0,?,0
14,bookkeeper-server/src/main/java/org/apache/bookkeeper/http/ListBookiesService.java,80,202,98,96,32.666666666666664,3,2,95,96,31.666666666666668,84,49,28.0,?,0
14,bookkeeper-server/src/main/java/org/apache/bookkeeper/client/impl/BookKeeperBuilderImpl.java,71,222,100,98,50.0,2,2,89,98,44.5,80,55,40.0,?,0
14,src/main/java/org/apache/distributedlog/exceptions/ZKException.java,42,20,5,5,5.0,1,1,0,0,0.0,253,253,253.0,?,0
14,src/main/java/org/apache/distributedlog/util/RetryPolicyUtils.java,37,8,2,2,2.0,1,1,0,0,0.0,253,253,253.0,?,0
14,bookkeeper-server/src/test/java/org/apache/bookkeeper/client/TestRegionAwareEnsemblePlacementPolicy.java,1156,328,94,87,47.0,2,2,24,21,12.0,21,19,10.5,?,0
14,bookkeeper-common/src/main/java/org/apache/bookkeeper/common/component/AbstractComponent.java,32,88,44,44,44.0,1,1,44,44,44.0,40,40,40.0,?,0
14,bookkeeper-server/src/main/java/org/apache/bookkeeper/feature/SettableFeature.java,32,12,4,4,4.0,1,1,2,2,2.0,33,33,33.0,?,0
14,site/docs/4.5.1/api/distributedlog-api.md,266,790,395,395,395.0,1,1,395,395,395.0,30,30,30.0,?,0
14,src/test/java/org/apache/distributedlog/config/TestDynamicConfigurationFactory.java,91,26,7,7,7.0,1,1,1,1,1.0,253,253,253.0,?,0
14,bookkeeper-server/src/main/java/org/apache/bookkeeper/http/ConfigurationService.java,77,100,36,36,36.0,1,1,22,22,22.0,49,49,49.0,?,0
14,src/test/java/org/apache/distributedlog/TestAppendOnlyStreamWriter.java,280,110,28,28,28.0,1,1,1,1,1.0,253,253,253.0,?,0
14,bookkeeper-common/src/main/java/org/apache/bookkeeper/common/stats/OpStatsListener.java,45,110,55,55,55.0,1,1,55,55,55.0,22,22,22.0,?,0
14,bookkeeper-server/src/main/java/org/apache/bookkeeper/zookeeper/ZooKeeperClient.java,1242,154,44,44,44.0,1,1,11,11,11.0,33,33,33.0,?,0
14,bookkeeper-server/src/main/java/org/apache/bookkeeper/client/api/package-info.java,21,54,27,27,27.0,1,1,27,27,27.0,55,55,55.0,?,0
14,bookkeeper-server/src/main/java/org/apache/bookkeeper/http/ListLedgerService.java,150,352,176,176,176.0,1,1,176,176,176.0,49,49,49.0,?,0
14,bookkeeper-common/src/main/java/org/apache/bookkeeper/common/component/LifecycleComponentStack.java,97,252,125,113,41.666666666666664,3,3,124,113,41.333333333333336,64,40,21.333333333333332,?,0
14,src/main/java/org/apache/distributedlog/function/GetLastTxIdFunction.java,34,4,1,1,1.0,1,1,0,0,0.0,253,253,253.0,?,0
14,bookkeeper-server/src/test/java/org/apache/bookkeeper/bookie/UpdateCookieCmdTest.java,200,78,31,31,31.0,1,1,23,23,23.0,15,15,15.0,?,0
14,site/docs/4.5.1/overview/overview.md,44,158,69,57,34.5,2,1,59,57,29.5,35,30,17.5,?,0
14,bookkeeper-common/src/test/java/org/apache/bookkeeper/common/util/TestBackoff.java,169,382,191,191,191.0,1,1,191,191,191.0,22,22,22.0,?,0
14,bookkeeper-server/src/main/java/org/apache/bookkeeper/streaming/LedgerOutputStream.java,131,18,5,5,5.0,1,1,1,1,1.0,33,33,33.0,?,0
14,bookkeeper-server/src/main/java/org/apache/bookkeeper/client/LedgerChecker.java,332,362,138,130,69.0,2,2,95,93,47.5,35,19,17.5,?,0
14,site/_includes/navbar.html,105,28,0,0,0.0,1,1,-14,0,-14.0,14,14,14.0,?,0
14,bookkeeper-benchmark/src/main/java/org/apache/bookkeeper/benchmark/TestClient.java,311,6,0,0,0.0,1,1,-3,0,-3.0,25,25,25.0,?,0
14,bookkeeper-server/src/test/java/org/apache/bookkeeper/client/TestDisableEnsembleChange.java,235,8,2,2,2.0,1,1,0,0,0.0,1,1,1.0,?,0
14,bookkeeper-server/src/test/java/org/apache/bookkeeper/client/ParallelLedgerRecoveryTest.java,522,4,1,1,1.0,1,1,0,0,0.0,55,55,55.0,?,0
14,bookkeeper-server/src/test/java/org/apache/bookkeeper/replication/TestReplicationWorker.java,490,128,9,9,9.0,1,1,-46,0,-46.0,16,16,16.0,?,0
14,site/docs/4.6.0/getting-started/concepts.md,122,404,202,202,202.0,1,1,202,202,202.0,30,30,30.0,?,0
14,site/docs/4.6.0/example.md,5,12,6,6,6.0,1,1,6,6,6.0,30,30,30.0,?,0
14,bookkeeper-server/src/test/java/org/apache/bookkeeper/http/TestHttpService.java,664,1454,706,706,706.0,1,1,685,685,685.0,49,49,49.0,?,0
14,site/docs/4.6.0/admin/placement.md,3,6,3,3,3.0,1,1,3,3,3.0,30,30,30.0,?,0
14,site/img/logos/bk-logo.svg,53,106,53,53,53.0,1,1,53,53,53.0,14,14,14.0,?,0
14,bookkeeper-http/twitter-http-server/src/test/java/org/apache/bookkeeper/http/twitter/TestTwitterHttpServer.java,85,16,4,4,4.0,1,1,0,0,0.0,49,49,49.0,?,0
14,bookkeeper-server/src/main/java/org/apache/bookkeeper/client/impl/package-info.java,20,52,26,26,26.0,1,1,26,26,26.0,55,55,55.0,?,0
14,src/main/java/org/apache/distributedlog/api/subscription/SubscriptionStateStore.java,36,22,7,7,7.0,1,1,3,3,3.0,253,253,253.0,?,0
14,site/docs/4.5.1/deployment/manual.md,34,112,56,56,56.0,1,1,56,56,56.0,30,30,30.0,?,0
14,src/main/java/org/apache/distributedlog/auditor/DLAuditor.java,585,188,52,52,52.0,1,1,10,10,10.0,253,253,253.0,?,0
14,site/docs/latest/overview/overview.md,42,16,4,4,4.0,1,1,0,0,0.0,14,14,14.0,?,0
14,bookkeeper-server/src/test/java/org/apache/bookkeeper/replication/AuditorRollingRestartTest.java,60,4,1,1,1.0,1,1,0,0,0.0,40,40,40.0,?,0
14,site/docs/4.6.0/security/sasl.md,146,404,202,202,202.0,1,1,202,202,202.0,30,30,30.0,?,0
14,src/main/java/org/apache/distributedlog/impl/metadata/BKDLConfig.java,360,110,28,28,28.0,1,1,1,1,1.0,253,253,253.0,?,0
14,bookkeeper-common/pom.xml,112,228,114,103,57.0,2,1,114,103,57.0,62,40,31.0,?,0
14,src/main/java/org/apache/distributedlog/EnvelopedEntryWriter.java,198,4,1,1,1.0,1,1,0,0,0.0,253,253,253.0,?,0
14,src/main/java/org/apache/distributedlog/injector/AsyncFailureInjector.java,109,4,1,1,1.0,1,1,0,0,0.0,253,253,253.0,?,0
14,site/docs/4.6.0/reference/metrics.md,3,6,3,3,3.0,1,1,3,3,3.0,30,30,30.0,?,0
14,bookkeeper-server/src/main/java/org/apache/bookkeeper/client/RackawareEnsemblePlacementPolicyImpl.java,784,204,76,74,25.333333333333332,3,2,50,50,16.666666666666668,61,40,20.333333333333332,?,0
14,src/main/java/org/apache/distributedlog/impl/logsegment/BKLogSegmentEntryStore.java,258,44,12,12,12.0,1,1,2,2,2.0,253,253,253.0,?,0
14,src/main/java/org/apache/distributedlog/impl/ZKNamespaceWatcher.java,117,38,10,10,10.0,1,1,1,1,1.0,253,253,253.0,?,0
14,bookkeeper-server/src/test/java/org/apache/bookkeeper/test/annotations/FlakyTest.java,30,74,37,37,37.0,1,1,37,37,37.0,4,4,4.0,?,0
14,src/main/java/org/apache/distributedlog/impl/ZKLogSegmentMetadataStore.java,454,130,33,25,16.5,2,2,1,5,0.5,267,253,133.5,?,0
14,site/docs/4.5.1/example.md,5,12,6,6,6.0,1,1,6,6,6.0,30,30,30.0,?,0
14,bookkeeper-dist/pom.xml,114,254,127,127,127.0,1,1,127,127,127.0,8,8,8.0,?,0
14,site/docs/4.5.1/development/protocol.md,88,296,148,148,148.0,1,1,148,148,148.0,30,30,30.0,?,0
14,src/main/java/org/apache/distributedlog/feature/AbstractFeatureProvider.java,91,40,12,12,12.0,1,1,4,4,4.0,253,253,253.0,?,0
14,src/main/java/org/apache/distributedlog/api/LogWriter.java,66,38,10,10,10.0,1,1,1,1,1.0,253,253,253.0,?,0
14,src/main/java/org/apache/distributedlog/package-info.java,19,4,1,1,1.0,1,1,0,0,0.0,253,253,253.0,?,0
14,src/test/java/org/apache/distributedlog/TestReader.java,177,32,8,8,8.0,1,1,0,0,0.0,253,253,253.0,?,0
14,bookkeeper-server/src/test/java/org/apache/bookkeeper/client/RoundRobinDistributionScheduleTest.java,134,82,34,34,34.0,1,1,27,27,27.0,19,19,19.0,?,0
14,bookkeeper-server/conf/bk_server.conf,438,40,18,9,3.6,5,3,16,9,3.2,45,19,9.0,?,0
14,src/main/java/org/apache/distributedlog/net/DNSResolverForRows.java,58,24,6,6,6.0,1,1,0,0,0.0,253,253,253.0,?,0
14,src/main/java/org/apache/distributedlog/impl/ZKLogMetadataStore.java,118,48,16,8,8.0,2,1,8,6,4.0,260,253,130.0,?,0
14,src/test/java/org/apache/distributedlog/ZooKeeperClientUtils.java,83,42,10,10,10.0,1,1,-1,0,-1.0,253,253,253.0,?,0
14,src/main/java/org/apache/distributedlog/LogRecordWithDLSN.java,99,12,5,5,5.0,1,1,4,4,4.0,2,2,2.0,?,0
14,src/main/java/org/apache/distributedlog/metadata/DLConfig.java,33,12,3,3,3.0,1,1,0,0,0.0,253,253,253.0,?,0
14,src/main/resources/findbugsExclude.xml,28,350,0,0,0.0,3,1,-175,0,-58.333333333333336,6,2,2.0,?,0
14,src/main/java/org/apache/distributedlog/metadata/DryrunLogSegmentMetadataStoreUpdater.java,46,10,4,4,4.0,1,1,3,3,3.0,253,253,253.0,?,0
14,site/docs/4.6.0/development/codebase.md,3,6,3,3,3.0,1,1,3,3,3.0,30,30,30.0,?,0
14,src/main/java/org/apache/distributedlog/lock/SessionLockFactory.java,31,4,1,1,1.0,1,1,0,0,0.0,253,253,253.0,?,0
14,src/test/java/org/apache/distributedlog/metadata/TestLogMetadata.java,51,22,8,8,8.0,1,1,5,5,5.0,253,253,253.0,?,0
14,bookkeeper-server/src/main/java/org/apache/bookkeeper/server/service/HttpService.java,50,150,70,65,23.333333333333332,3,2,65,65,21.666666666666668,108,49,36.0,?,0
14,bookkeeper-common/src/test/java/org/apache/bookkeeper/common/util/TestMathUtils.java,48,122,61,61,61.0,1,1,61,61,61.0,22,22,22.0,?,0
14,src/main/java/org/apache/distributedlog/BKAsyncLogWriter.java,477,56,15,15,15.0,1,1,2,2,2.0,253,253,253.0,?,0
14,bookkeeper-server/src/main/java/org/apache/bookkeeper/client/api/WriteAdvHandle.java,47,118,59,59,59.0,1,1,59,59,59.0,55,55,55.0,?,0
14,src/test/java/org/apache/distributedlog/admin/TestDLCK.java,143,58,17,17,17.0,1,1,5,5,5.0,253,253,253.0,?,0
14,src/main/java/org/apache/distributedlog/impl/metadata/package-info.java,19,42,21,21,21.0,1,1,21,21,21.0,253,253,253.0,?,0
14,src/test/java/org/apache/distributedlog/impl/TestZKLogSegmentMetadataStore.java,778,124,33,17,16.5,2,2,4,3,2.0,267,253,133.5,?,0
14,src/main/java/org/apache/distributedlog/zk/ZKVersionedSetOp.java,60,20,5,3,2.5,2,2,0,0,0.0,267,253,133.5,?,0
14,bookkeeper-stats-providers/prometheus-metrics-provider/src/main/java/org/apache/bookkeeper/stats/prometheus/package-info.java,17,8,2,2,2.0,1,1,0,0,0.0,7,7,7.0,?,0
14,bookkeeper-server/src/main/java/org/apache/bookkeeper/proto/AuthHandler.java,358,4,1,1,1.0,1,1,0,0,0.0,7,7,7.0,?,0
14,bookkeeper-server/src/test/java/org/apache/bookkeeper/client/api/BookKeeperApiTest.java,231,530,265,265,265.0,1,1,265,265,265.0,55,55,55.0,?,0
14,src/main/java/org/apache/distributedlog/metadata/DLMetadata.java,199,30,8,8,8.0,1,1,1,1,1.0,253,253,253.0,?,0
14,src/main/java/org/apache/distributedlog/namespace/NamespaceDriver.java,123,40,12,12,12.0,1,1,4,4,4.0,253,253,253.0,?,0
14,site/docs/4.6.0/api/overview.md,12,34,17,17,17.0,1,1,17,17,17.0,30,30,30.0,?,0
14,deploy/kubernetes/gke/bookkeeper.statefulset.yml,162,348,174,174,174.0,1,1,174,174,174.0,2,2,2.0,?,0
14,site/docs/4.6.0/admin/autorecovery.md,80,256,128,128,128.0,1,1,128,128,128.0,30,30,30.0,?,0
14,bookkeeper-server/src/main/java/org/apache/bookkeeper/proto/BookieClient.java,538,204,80,72,40.0,2,2,58,58,29.0,3,2,1.5,?,0
14,bookkeeper-http/http-server/src/main/java/org/apache/bookkeeper/http/service/HttpEndpointService.java,23,12,3,3,3.0,1,1,0,0,0.0,49,49,49.0,?,0
14,src/test/java/org/apache/distributedlog/tools/TestDistributedLogTool.java,210,76,26,26,26.0,1,1,14,14,14.0,253,253,253.0,?,0
14,bookkeeper-server/src/test/java/org/apache/bookkeeper/replication/TestAutoRecoveryAlongWithBookieServers.java,84,16,4,4,4.0,1,1,0,0,0.0,40,40,40.0,?,0
14,src/main/java/org/apache/distributedlog/BKLogReadHandler.java,370,70,19,19,19.0,1,1,3,3,3.0,253,253,253.0,?,0
14,src/test/java/org/apache/distributedlog/bk/TestLedgerAllocator.java,354,146,39,34,19.5,2,2,5,11,2.5,267,253,133.5,?,0
14,src/main/java/org/apache/distributedlog/acl/AccessControlManager.java,64,4,1,1,1.0,1,1,0,0,0.0,253,253,253.0,?,0
14,src/main/java/org/apache/distributedlog/impl/federated/FederatedZKLogMetadataStore.java,691,156,45,39,22.5,2,1,12,7,6.0,260,253,130.0,?,0
14,bookkeeper-common/src/main/java/org/apache/bookkeeper/common/util/SafeRunnable.java,83,190,95,95,95.0,1,1,95,95,95.0,22,22,22.0,?,0
14,bookkeeper-common/src/main/java/org/apache/bookkeeper/common/util/StreamUtil.java,55,140,70,70,70.0,1,1,70,70,70.0,22,22,22.0,?,0
14,bookkeeper-server/src/test/java/org/apache/bookkeeper/client/BookieRecoveryTest.java,758,158,36,33,12.0,3,3,-7,0,-2.3333333333333335,120,55,40.0,?,0
14,bookkeeper-server/src/main/java/org/apache/bookkeeper/server/conf/package-info.java,18,44,22,22,22.0,1,1,22,22,22.0,40,40,40.0,?,0
14,bookkeeper-http/http-server/src/main/java/org/apache/bookkeeper/http/service/ErrorHttpService.java,31,24,6,6,6.0,1,1,0,0,0.0,49,49,49.0,?,0
14,site/docs/4.6.0/security/tls.md,150,420,210,210,210.0,1,1,210,210,210.0,30,30,30.0,?,0
14,bookkeeper-server/src/test/java/org/apache/bookkeeper/client/TestBookieWatcher.java,118,4,1,1,1.0,1,1,0,0,0.0,25,25,25.0,?,0
14,bookkeeper-server/src/main/java/org/apache/bookkeeper/client/PendingReadLacOp.java,124,4,1,1,1.0,1,1,0,0,0.0,55,55,55.0,?,0
14,src/main/java/org/apache/distributedlog/logsegment/RollingPolicy.java,31,10,4,4,4.0,1,1,3,3,3.0,253,253,253.0,?,0
14,bookkeeper-server/src/main/java/org/apache/bookkeeper/server/service/BookieService.java,53,158,73,66,18.25,4,3,67,66,16.75,133,49,33.25,?,0
14,src/main/java/org/apache/distributedlog/impl/ZKLogSegmentFilters.java,80,18,5,5,5.0,1,1,1,1,1.0,253,253,253.0,?,0
14,src/test/java/org/apache/distributedlog/TestEntry.java,319,12,3,3,3.0,1,1,0,0,0.0,253,253,253.0,?,0
14,src/test/java/org/apache/distributedlog/TestAsyncReaderWriter.java,1931,362,97,97,97.0,1,1,13,13,13.0,253,253,253.0,?,0
14,bookkeeper-server/src/main/java/org/apache/bookkeeper/client/SynchCallbackUtils.java,59,138,0,0,0.0,1,1,-69,0,-69.0,55,55,55.0,?,0
14,src/main/java/org/apache/distributedlog/lock/LockSessionExpiredException.java,28,12,3,3,3.0,1,1,0,0,0.0,253,253,253.0,?,0
14,bookkeeper-server/src/main/java/org/apache/bookkeeper/client/api/CreateBuilder.java,82,196,98,98,98.0,1,1,98,98,98.0,55,55,55.0,?,0
14,bookkeeper-common/src/main/java/org/apache/bookkeeper/common/util/ReferenceCounted.java,27,70,35,35,35.0,1,1,35,35,35.0,6,6,6.0,?,0
14,site/docs/4.5.1/api/ledger-api.md,332,946,473,473,473.0,1,1,473,473,473.0,30,30,30.0,?,0
14,src/assemble/bin.xml,74,20,6,6,6.0,1,1,2,2,2.0,8,8,8.0,?,0
14,src/test/java/org/apache/distributedlog/net/TestDNSResolver.java,78,18,6,6,6.0,1,1,3,3,3.0,253,253,253.0,?,0
14,src/main/java/org/apache/distributedlog/zk/ZKOp.java,50,10,3,3,3.0,1,1,1,1,1.0,253,253,253.0,?,0
14,bookkeeper-server/src/main/java/org/apache/bookkeeper/replication/AuditorElector.java,358,10,5,5,5.0,1,1,5,5,5.0,10,10,10.0,?,0
14,bookkeeper-server/src/main/java/org/apache/bookkeeper/http/TriggerAuditService.java,63,152,76,76,76.0,1,1,76,76,76.0,49,49,49.0,?,0
14,src/main/java/org/apache/distributedlog/EnvelopedEntry.java,96,28,6,6,6.0,1,1,-2,0,-2.0,253,253,253.0,?,0
14,src/main/java/org/apache/distributedlog/lock/LockListener.java,24,4,1,1,1.0,1,1,0,0,0.0,253,253,253.0,?,0
14,bookkeeper-server/src/main/java/org/apache/bookkeeper/client/ReadLastConfirmedAndEntryOp.java,518,46,14,12,7.0,2,2,5,5,2.5,74,55,37.0,?,0
14,bookkeeper-http/http-server/src/main/java/org/apache/bookkeeper/http/service/HttpServiceRequest.java,55,24,6,6,6.0,1,1,0,0,0.0,49,49,49.0,?,0
14,site/_data/config/bk_server.yaml,361,6,2,2,2.0,1,1,1,1,1.0,11,11,11.0,?,0
14,bookkeeper-server/src/main/java/org/apache/bookkeeper/server/component/ServerLifecycleComponent.java,57,138,69,69,69.0,1,1,69,69,69.0,19,19,19.0,?,0
14,src/main/java/org/apache/distributedlog/api/subscription/SubscriptionsStore.java,57,20,5,5,5.0,1,1,0,0,0.0,253,253,253.0,?,0
14,bookkeeper-server/src/main/java/org/apache/bookkeeper/client/api/DeleteBuilder.java,30,78,39,39,39.0,1,1,39,39,39.0,55,55,55.0,?,0
14,bookkeeper-server/src/main/java/org/apache/bookkeeper/client/api/OpenBuilder.java,58,142,71,71,71.0,1,1,71,71,71.0,55,55,55.0,?,0
14,dev/bk-merge-pr.py,649,12,3,2,1.5,2,2,0,0,0.0,2,1,1.0,?,0
14,bookkeeper-server/src/test/java/org/apache/bookkeeper/client/TestLedgerFragmentReplication.java,297,30,6,6,6.0,1,1,-3,0,-3.0,16,16,16.0,?,0
14,src/main/java/org/apache/distributedlog/config/package-info.java,19,4,1,1,1.0,1,1,0,0,0.0,253,253,253.0,?,0
14,src/main/java/org/apache/distributedlog/callback/LogSegmentListener.java,34,10,3,3,3.0,1,1,1,1,1.0,253,253,253.0,?,0
14,bookkeeper-server/src/main/java/org/apache/bookkeeper/http/WhoIsAuditorService.java,74,178,89,89,89.0,1,1,89,89,89.0,49,49,49.0,?,0
14,site/docs/latest/security/overview.md,15,4,1,1,1.0,1,1,0,0,0.0,5,5,5.0,?,0
14,src/main/java/org/apache/distributedlog/acl/DefaultAccessControlManager.java,46,6,3,3,3.0,1,1,3,3,3.0,253,253,253.0,?,0
14,src/test/java/org/apache/distributedlog/TestAppendOnlyStreamReader.java,157,28,7,7,7.0,1,1,0,0,0.0,253,253,253.0,?,0
14,bookkeeper-server/src/main/java/org/apache/bookkeeper/proto/BookieProtoEncoding.java,414,108,31,31,31.0,1,1,8,8,8.0,7,7,7.0,?,0
14,src/main/java/org/apache/distributedlog/tools/DistributedLogTool.java,2398,1094,160,160,160.0,1,1,-227,0,-227.0,253,253,253.0,?,0
14,src/test/java/org/apache/distributedlog/zk/TestZKWatcherManager.java,71,24,8,8,8.0,1,1,4,4,4.0,253,253,253.0,?,0
14,src/main/java/org/apache/distributedlog/bk/QuorumConfig.java,78,4,1,1,1.0,1,1,0,0,0.0,253,253,253.0,?,0
14,src/test/java/org/apache/distributedlog/TestLogSegmentsZK.java,222,80,22,18,11.0,2,2,4,7,2.0,267,253,133.5,?,0
14,site/docs/4.5.1/security/zookeeper.md,29,82,41,41,41.0,1,1,41,41,41.0,30,30,30.0,?,0
14,src/main/java/org/apache/distributedlog/lock/ZKDistributedLock.java,485,32,9,9,9.0,1,1,2,2,2.0,253,253,253.0,?,0
14,bookkeeper-stats-providers/prometheus-metrics-provider/src/main/java/org/apache/bookkeeper/stats/prometheus/PrometheusStatsLogger.java,75,12,5,5,5.0,1,1,4,4,4.0,7,7,7.0,?,0
14,bookkeeper-server/src/main/java/org/apache/bookkeeper/proto/PacketProcessorBase.java,73,34,12,12,12.0,1,1,7,7,7.0,4,4,4.0,?,0
14,src/main/java/org/apache/distributedlog/limiter/RateLimiter.java,44,20,6,6,6.0,1,1,2,2,2.0,253,253,253.0,?,0
14,src/test/java/org/apache/distributedlog/TestAsyncBulkWrite.java,300,94,23,23,23.0,1,1,-1,0,-1.0,253,253,253.0,?,0
14,src/main/java/org/apache/distributedlog/impl/ZKMetadataAccessor.java,245,54,16,16,16.0,1,1,5,5,5.0,253,253,253.0,?,0
14,site/docs/4.6.0/security/overview.md,15,42,21,21,21.0,1,1,21,21,21.0,30,30,30.0,?,0
14,src/main/java/org/apache/distributedlog/util/ConfUtils.java,60,14,5,5,5.0,1,1,3,3,3.0,253,253,253.0,?,0
14,bookkeeper-server/src/test/java/org/apache/bookkeeper/bookie/EntryLogTest.java,270,24,6,6,6.0,1,1,0,0,0.0,4,4,4.0,?,0
14,src/main/java/org/apache/distributedlog/MaxTxId.java,61,8,2,2,2.0,1,1,0,0,0.0,253,253,253.0,?,0
14,src/main/java/org/apache/distributedlog/ReadAheadEntryReader.java,881,126,38,26,12.666666666666666,3,2,13,6,4.333333333333333,257,253,85.66666666666667,?,0
14,src/main/java/org/apache/distributedlog/lock/NopDistributedLock.java,41,4,1,1,1.0,1,1,0,0,0.0,253,253,253.0,?,0
14,bookkeeper-common/src/main/java/org/apache/bookkeeper/common/util/MathUtils.java,89,210,105,105,105.0,1,1,105,105,105.0,22,22,22.0,?,0
14,bookkeeper-http/http-server/src/main/java/org/apache/bookkeeper/http/service/NullHttpService.java,25,16,4,4,4.0,1,1,0,0,0.0,49,49,49.0,?,0
14,bookkeeper-server/src/main/java/org/apache/bookkeeper/client/DefaultEnsemblePlacementPolicy.java,178,46,11,10,5.5,2,2,-1,0,-0.5,59,40,29.5,?,0
14,bookkeeper-common/src/main/java/org/apache/bookkeeper/common/stats/BroadCastStatsLogger.java,174,416,208,208,208.0,1,1,208,208,208.0,55,55,55.0,?,0
14,src/test/java/org/apache/distributedlog/TestNonBlockingReads.java,316,18,4,4,4.0,1,1,-1,0,-1.0,253,253,253.0,?,0
14,bookkeeper-server/src/main/java/org/apache/bookkeeper/bookie/EntryLogger.java,1194,682,253,198,84.33333333333333,3,2,165,129,55.0,15,10,5.0,?,0
14,site/docs/4.6.0/getting-started/run-locally.md,12,32,16,16,16.0,1,1,16,16,16.0,30,30,30.0,?,0
14,src/main/java/org/apache/distributedlog/selector/FirstRecordSelector.java,37,4,1,1,1.0,1,1,0,0,0.0,253,253,253.0,?,0
14,site/img/logos/bk-logo-with-tm.png,724,0,0,0,0.0,1,1,0,0,0.0,14,14,14.0,?,0
14,bookkeeper-server/src/test/java/org/apache/bookkeeper/client/BookKeeperTest.java,708,28,4,4,2.0,2,2,-6,2,-3.0,29,25,14.5,?,0
14,bookkeeper-server/src/main/java/org/apache/bookkeeper/client/api/DigestType.java,30,76,38,38,38.0,1,1,38,38,38.0,55,55,55.0,?,0
14,bookkeeper-server/src/main/java/org/apache/bookkeeper/util/ReflectionUtils.java,160,50,24,24,24.0,1,1,23,23,23.0,19,19,19.0,?,0
14,src/test/java/org/apache/distributedlog/TestBKLogWriteHandler.java,77,20,5,5,5.0,1,1,0,0,0.0,253,253,253.0,?,0
14,src/main/java/org/apache/distributedlog/feature/DefaultFeatureProvider.java,39,6,2,2,2.0,1,1,1,1,1.0,253,253,253.0,?,0
14,bookkeeper-server/src/test/java/org/apache/bookkeeper/client/BookieWriteLedgerTest.java,723,12,3,3,3.0,1,1,0,0,0.0,55,55,55.0,?,0
14,src/test/java/org/apache/distributedlog/metadata/TestLogSegmentMetadataStoreUpdater.java,244,68,21,21,21.0,1,1,8,8,8.0,253,253,253.0,?,0
14,bookkeeper-server/src/test/java/org/apache/bookkeeper/test/BookKeeperClusterTestCase.java,668,18,9,9,9.0,1,1,9,9,9.0,10,10,10.0,?,0
14,bookkeeper-common/src/main/java/org/apache/bookkeeper/common/util/ExecutorUtils.java,38,94,47,47,47.0,1,1,47,47,47.0,6,6,6.0,?,0
14,bookkeeper-common/src/main/java/org/apache/bookkeeper/common/util/package-info.java,18,44,22,22,22.0,1,1,22,22,22.0,6,6,6.0,?,0
14,bookkeeper-server/src/main/java/org/apache/bookkeeper/client/PendingWriteLacOp.java,103,52,17,16,8.5,2,2,8,8,4.0,74,55,37.0,?,0
14,bookkeeper-server/src/main/java/org/apache/bookkeeper/bookie/AbstractLogCompactor.java,54,142,71,71,71.0,1,1,71,71,71.0,10,10,10.0,?,0
14,bookkeeper-server/src/main/java/org/apache/bookkeeper/client/api/BookKeeperBuilder.java,88,208,104,104,104.0,1,1,104,104,104.0,55,55,55.0,?,0
14,src/main/java/org/apache/distributedlog/logsegment/SizeBasedRollingPolicy.java,29,10,4,4,4.0,1,1,3,3,3.0,253,253,253.0,?,0
14,src/test/java/org/apache/distributedlog/util/TestPermitManager.java,84,28,9,9,9.0,1,1,4,4,4.0,253,253,253.0,?,0
14,bookkeeper-server/src/main/java/org/apache/bookkeeper/util/MathUtils.java,21,168,3,3,3.0,1,1,-78,0,-78.0,22,22,22.0,?,0
14,src/test/java/org/apache/distributedlog/feature/TestConfigurationFeatureProvider.java,54,20,5,5,5.0,1,1,0,0,0.0,253,253,253.0,?,0
14,bookkeeper-server/src/main/java/org/apache/bookkeeper/client/TopologyAwareEnsemblePlacementPolicy.java,408,42,11,11,11.0,1,1,1,1,1.0,19,19,19.0,?,0
14,src/main/java/org/apache/distributedlog/net/DNSResolverForRacks.java,52,24,6,6,6.0,1,1,0,0,0.0,253,253,253.0,?,0
14,src/main/java/org/apache/distributedlog/lock/LockWaiter.java,86,4,1,1,1.0,1,1,0,0,0.0,253,253,253.0,?,0
14,src/test/java/org/apache/distributedlog/TestNonBlockingReadsMultiReader.java,142,28,8,8,8.0,1,1,2,2,2.0,253,253,253.0,?,0
14,bookkeeper-server/src/main/java/org/apache/bookkeeper/zookeeper/RetryPolicy.java,46,16,4,4,4.0,1,1,0,0,0.0,33,33,33.0,?,0
14,bookkeeper-server/src/main/java/org/apache/bookkeeper/client/BookKeeperClientStats.java,53,2,1,1,1.0,1,1,1,1,1.0,2,2,2.0,?,0
14,src/main/java/org/apache/distributedlog/impl/logsegment/BKUtils.java,61,18,5,5,5.0,1,1,1,1,1.0,253,253,253.0,?,0
14,src/main/java/org/apache/distributedlog/net/DNSResolver.java,98,26,7,7,7.0,1,1,1,1,1.0,253,253,253.0,?,0
14,src/test/java/org/apache/distributedlog/impl/logsegment/TestBKLogSegmentEntryReader.java,509,30,8,8,8.0,1,1,1,1,1.0,253,253,253.0,?,0
14,src/main/java/org/apache/distributedlog/AppendOnlyStreamWriter.java,95,10,4,4,4.0,1,1,3,3,3.0,253,253,253.0,?,0
14,src/main/java/org/apache/distributedlog/tools/package-info.java,19,4,1,1,1.0,1,1,0,0,0.0,253,253,253.0,?,0
14,src/test/java/org/apache/distributedlog/impl/metadata/TestZKLogStreamMetadataStoreUtils.java,196,140,37,26,18.5,2,2,4,4,2.0,267,253,133.5,?,0
14,bookkeeper-server/src/main/java/org/apache/bookkeeper/client/ReadLastConfirmedOp.java,118,8,2,2,2.0,1,1,0,0,0.0,55,55,55.0,?,0
14,src/main/java/org/apache/distributedlog/limiter/GuavaRateLimiter.java,50,8,2,2,2.0,1,1,0,0,0.0,253,253,253.0,?,0
14,bookkeeper-common/src/main/java/org/apache/bookkeeper/common/conf/ComponentConfiguration.java,229,570,285,285,285.0,1,1,285,285,285.0,40,40,40.0,?,0
14,src/main/java/org/apache/distributedlog/auditor/package-info.java,18,46,23,23,23.0,1,1,23,23,23.0,253,253,253.0,?,0
14,bookkeeper-server/src/main/java/org/apache/bookkeeper/discover/ZKRegistrationClient.java,295,692,346,346,346.0,1,1,346,346,346.0,25,25,25.0,?,0
14,src/main/java/org/apache/distributedlog/logsegment/LogSegmentEntryReader.java,97,32,9,9,9.0,1,1,2,2,2.0,253,253,253.0,?,0
14,src/main/java/org/apache/distributedlog/impl/subscription/ZKSubscriptionsStore.java,134,16,4,2,2.0,2,2,0,1,0.0,267,253,133.5,?,0
14,src/main/java/org/apache/distributedlog/logsegment/LogSegmentEntryStore.java,62,8,2,2,2.0,1,1,0,0,0.0,253,253,253.0,?,0
14,site/img/logos/bk-logo-with-tm.svg,81,162,81,81,81.0,1,1,81,81,81.0,14,14,14.0,?,0
14,bookkeeper-server/src/main/java/org/apache/bookkeeper/zookeeper/ZooWorker.java,145,42,10,10,10.0,1,1,-1,0,-1.0,33,33,33.0,?,0
14,src/test/java/org/apache/distributedlog/TestEntryPosition.java,48,8,2,2,2.0,1,1,0,0,0.0,253,253,253.0,?,0
14,src/test/java/org/apache/distributedlog/net/TestNetUtils.java,64,10,2,2,2.0,1,1,-1,0,-1.0,253,253,253.0,?,0
14,bookkeeper-http/twitter-http-server/src/main/java/org/apache/bookkeeper/http/twitter/TwitterAbstractHandler.java,78,46,12,12,12.0,1,1,1,1,1.0,49,49,49.0,?,0
14,site/docs/4.6.0/admin/geo-replication.md,13,44,22,22,22.0,1,1,22,22,22.0,30,30,30.0,?,0
14,src/test/java/org/apache/distributedlog/TestDistributedLogConfiguration.java,115,60,16,15,8.0,2,2,2,2,1.0,267,253,133.5,?,0
14,bookkeeper-server/src/test/java/org/apache/bookkeeper/bookie/BookieStorageThresholdTest.java,223,64,21,21,21.0,1,1,10,10,10.0,10,10,10.0,?,0
14,bookkeeper-server/src/main/java/org/apache/bookkeeper/bookie/FileSystemUpgrade.java,336,106,21,21,21.0,1,1,-11,0,-11.0,15,15,15.0,?,0
14,src/main/java/org/apache/distributedlog/impl/subscription/ZKSubscriptionStateStore.java,107,34,10,10,10.0,1,1,3,3,3.0,253,253,253.0,?,0
14,src/main/java/org/apache/distributedlog/namespace/NamespaceWatcher.java,50,4,1,1,1.0,1,1,0,0,0.0,253,253,253.0,?,0
14,src/main/java/org/apache/distributedlog/util/FailpointUtils.java,127,44,18,18,18.0,1,1,14,14,14.0,253,253,253.0,?,0
14,site/docs/4.6.0/admin/bookies.md,118,360,180,180,180.0,1,1,180,180,180.0,30,30,30.0,?,0
14,bookkeeper-server/src/test/java/org/apache/bookkeeper/bookie/LedgerCacheTest.java,484,18,5,3,2.5,2,1,1,1,0.5,9,5,4.5,?,0
14,bookkeeper-common/src/main/java/org/apache/bookkeeper/common/component/LifecycleComponent.java,26,78,39,39,39.0,1,1,39,39,39.0,40,40,40.0,?,0
14,bookkeeper-server/src/main/java/org/apache/bookkeeper/bookie/LocalBookieEnsemblePlacementPolicy.java,103,26,9,9,9.0,1,1,5,5,5.0,19,19,19.0,?,0
14,src/main/java/org/apache/distributedlog/limiter/RequestLimiter.java,22,16,5,5,5.0,1,1,2,2,2.0,253,253,253.0,?,0
14,site/docs/4.5.1/security/tls.md,150,420,210,210,210.0,1,1,210,210,210.0,30,30,30.0,?,0
14,bookkeeper-server/src/test/java/org/apache/bookkeeper/client/BookKeeperCloseTest.java,533,42,9,9,9.0,1,1,-3,0,-3.0,16,16,16.0,?,0
14,bookkeeper-server/src/test/resources/log4j.properties,27,82,3,3,3.0,1,1,-35,0,-35.0,3,3,3.0,?,0
14,bookkeeper-server/src/test/java/org/apache/bookkeeper/test/BookieFailureTest.java,324,8,0,0,0.0,1,1,-4,0,-4.0,25,25,25.0,?,0
14,bookkeeper-server/src/main/java/org/apache/bookkeeper/client/LedgerEntry.java,96,22,9,9,9.0,1,1,7,7,7.0,55,55,55.0,?,0
14,src/main/java/org/apache/distributedlog/lock/LockTimeoutException.java,26,8,2,2,2.0,1,1,0,0,0.0,253,253,253.0,?,0
14,bookkeeper-server/src/main/java/org/apache/bookkeeper/http/RecoveryBookieService.java,130,310,152,143,76.0,2,2,149,143,74.5,64,49,32.0,?,0
14,src/main/java/org/apache/distributedlog/LogSegmentMetadata.java,1012,312,93,70,46.5,2,1,30,21,15.0,256,253,128.0,?,0
14,bookkeeper-server/src/main/java/org/apache/bookkeeper/client/LedgerOpenOp.java,261,194,91,91,91.0,1,1,85,85,85.0,55,55,55.0,?,0
14,src/test/java/org/apache/distributedlog/namespace/TestNamespaceBuilder.java,109,18,5,5,5.0,1,1,1,1,1.0,253,253,253.0,?,0
14,src/main/java/org/apache/distributedlog/injector/package-info.java,19,4,1,1,1.0,1,1,0,0,0.0,253,253,253.0,?,0
14,src/main/java/org/apache/distributedlog/impl/metadata/ZKLogStreamMetadataStore.java,872,1002,416,292,104.0,4,2,331,282,82.75,273,253,68.25,?,0
14,bookkeeper-server/src/main/java/org/apache/bookkeeper/client/api/Handle.java,55,134,67,67,67.0,1,1,67,67,67.0,55,55,55.0,?,0
14,bookkeeper-common/src/main/java/org/apache/bookkeeper/common/component/AbstractLifecycleComponent.java,91,222,111,111,111.0,1,1,111,111,111.0,40,40,40.0,?,0
14,site/docs/4.5.0/getting-started/installation.md,53,12,3,3,3.0,1,1,0,0,0.0,2,2,2.0,?,0
14,bookkeeper-server/src/main/java/org/apache/bookkeeper/client/TryReadLastConfirmedOp.java,93,4,1,1,1.0,1,1,0,0,0.0,55,55,55.0,?,0
14,bookkeeper-server/src/main/java/org/apache/bookkeeper/bookie/GarbageCollectorThread.java,422,462,68,38,34.0,2,2,-95,21,-47.5,12,10,6.0,?,0
14,bookkeeper-server/src/main/java/org/apache/bookkeeper/client/DistributionSchedule.java,187,212,103,103,103.0,1,1,100,100,100.0,19,19,19.0,?,0
14,src/main/java/org/apache/distributedlog/LogRecord.java,568,22,4,2,2.0,2,1,-3,0,-1.5,3,2,1.5,?,0
14,src/main/java/org/apache/distributedlog/metadata/MetadataResolver.java,43,4,1,1,1.0,1,1,0,0,0.0,253,253,253.0,?,0
14,src/main/java/org/apache/distributedlog/AppendOnlyStreamReader.java,172,24,8,8,8.0,1,1,4,4,4.0,253,253,253.0,?,0
14,src/main/java/org/apache/distributedlog/metadata/LogSegmentMetadataStoreUpdater.java,157,40,13,13,13.0,1,1,6,6,6.0,253,253,253.0,?,0
14,bookkeeper-server/src/main/java/org/apache/bookkeeper/discover/ZKRegistrationManager.java,356,782,391,391,391.0,1,1,391,391,391.0,15,15,15.0,?,0
14,src/main/java/org/apache/distributedlog/bk/QuorumConfigProvider.java,26,4,1,1,1.0,1,1,0,0,0.0,253,253,253.0,?,0
14,src/main/java/org/apache/distributedlog/impl/metadata/ZkMetadataResolver.java,66,18,6,6,6.0,1,1,3,3,3.0,253,253,253.0,?,0
14,src/test/java/org/apache/distributedlog/impl/metadata/TestZkMetadataResolver.java,167,54,16,16,16.0,1,1,5,5,5.0,253,253,253.0,?,0
14,src/main/java/org/apache/distributedlog/bk/LedgerAllocatorUtils.java,50,16,6,6,6.0,1,1,4,4,4.0,253,253,253.0,?,0
14,site/docs/4.6.0/deployment/manual.md,34,112,56,56,56.0,1,1,56,56,56.0,30,30,30.0,?,0
14,src/main/java/org/apache/distributedlog/util/Utils.java,707,148,39,25,19.5,2,2,4,4,2.0,267,253,133.5,?,0
14,src/test/java/org/apache/distributedlog/TestRollLogSegments.java,363,56,17,17,17.0,1,1,6,6,6.0,253,253,253.0,?,0
14,site/community/contributing.md,167,28,14,14,14.0,1,1,14,14,14.0,40,40,40.0,?,0
14,src/main/java/org/apache/distributedlog/net/NetUtils.java,66,22,6,6,6.0,1,1,1,1,1.0,253,253,253.0,?,0
14,bookkeeper-server/src/main/java/org/apache/bookkeeper/util/BookKeeperConstants.java,51,2,1,1,1.0,1,1,1,1,1.0,11,11,11.0,?,0
14,src/main/java/org/apache/distributedlog/impl/logsegment/BKLogSegmentEntryWriter.java,50,6,2,2,2.0,1,1,1,1,1.0,253,253,253.0,?,0
14,bookkeeper-server/src/main/java/org/apache/bookkeeper/versioning/Version.java,51,40,10,10,10.0,1,1,0,0,0.0,33,33,33.0,?,0
14,bookkeeper-server/src/main/java/org/apache/bookkeeper/client/ReadOnlyLedgerHandle.java,154,4,1,1,1.0,1,1,0,0,0.0,55,55,55.0,?,0
14,src/main/java/org/apache/distributedlog/impl/logsegment/BKLogSegmentAllocator.java,67,18,5,5,5.0,1,1,1,1,1.0,253,253,253.0,?,0
14,bookkeeper-server/src/main/java/org/apache/bookkeeper/proto/BookieRequestProcessor.java,361,8,2,2,2.0,1,1,0,0,0.0,4,4,4.0,?,0
14,site/docs/4.5.1/overview/releaseNotes.md,436,1002,501,501,501.0,1,1,501,501,501.0,30,30,30.0,?,0
14,bookkeeper-server/src/main/java/org/apache/bookkeeper/http/DecommissionService.java,93,220,110,110,110.0,1,1,110,110,110.0,49,49,49.0,?,0
14,site/Makefile,34,2,1,1,1.0,1,1,1,1,1.0,5,5,5.0,?,0
14,bookkeeper-server/src/main/java/org/apache/bookkeeper/client/LedgerFragmentReplicator.java,424,350,83,82,41.5,2,2,-9,0,-4.5,71,55,35.5,?,0
14,deploy/kubernetes/gke/bookkeeper.yaml,138,46,17,16,8.5,2,2,11,11,5.5,7,5,3.5,?,0
14,src/main/java/org/apache/distributedlog/logsegment/PerStreamLogSegmentCache.java,223,60,17,17,17.0,1,1,4,4,4.0,253,253,253.0,?,0
14,site/docs/4.5.1/reference/metrics.md,3,6,3,3,3.0,1,1,3,3,3.0,30,30,30.0,?,0
14,bookkeeper-server/src/main/java/org/apache/bookkeeper/client/RoundRobinDistributionSchedule.java,350,662,296,296,296.0,1,1,261,261,261.0,19,19,19.0,?,0
14,bookkeeper-common/src/main/java/org/apache/bookkeeper/common/concurrent/FutureUtils.java,329,736,368,368,368.0,1,1,368,368,368.0,22,22,22.0,?,0
14,bookkeeper-stats-providers/prometheus-metrics-provider/src/main/java/org/apache/bookkeeper/stats/prometheus/PrometheusOpStatsLogger.java,69,8,3,3,3.0,1,1,2,2,2.0,7,7,7.0,?,0
14,bookkeeper-server/src/main/java/org/apache/bookkeeper/processor/package-info.java,19,46,23,23,23.0,1,1,23,23,23.0,33,33,33.0,?,0
14,bookkeeper-server/src/main/java/org/apache/bookkeeper/replication/ReplicationWorker.java,447,368,78,68,26.0,3,2,-28,4,-9.333333333333334,51,25,17.0,?,0
14,bookkeeper-server/src/main/java/org/apache/bookkeeper/feature/CacheableFeatureProvider.java,68,16,3,3,3.0,1,1,-2,0,-2.0,33,33,33.0,?,0
14,bookkeeper-server/src/main/java/org/apache/bookkeeper/shims/zk/ZooKeeperServerShimFactory.java,28,6,3,3,3.0,1,1,3,3,3.0,33,33,33.0,?,0
14,bookkeeper-server/src/test/java/org/apache/bookkeeper/server/component/TestServerLifecycleComponent.java,77,190,95,95,95.0,1,1,95,95,95.0,19,19,19.0,?,0
14,src/main/java/org/apache/distributedlog/limiter/package-info.java,19,4,1,1,1.0,1,1,0,0,0.0,253,253,253.0,?,0
14,src/main/java/org/apache/distributedlog/logsegment/package-info.java,19,4,1,1,1.0,1,1,0,0,0.0,253,253,253.0,?,0
14,bookkeeper-common/src/test/java/org/apache/bookkeeper/common/component/TestComponentStarter.java,43,108,54,54,54.0,1,1,54,54,54.0,40,40,40.0,?,0
14,bookkeeper-common/src/main/java/org/apache/bookkeeper/util/package-info.java,19,42,21,21,21.0,1,1,21,21,21.0,55,55,55.0,?,0
14,bookkeeper-stats-providers/prometheus-metrics-provider/src/main/java/org/apache/bookkeeper/stats/prometheus/PrometheusCounter.java,48,6,2,2,2.0,1,1,1,1,1.0,7,7,7.0,?,0
14,src/main/java/org/apache/distributedlog/api/MetadataAccessor.java,40,28,7,7,7.0,1,1,0,0,0.0,253,253,253.0,?,0
14,src/main/java/org/apache/distributedlog/logsegment/TimeBasedRollingPolicy.java,39,14,5,5,5.0,1,1,3,3,3.0,253,253,253.0,?,0
14,bookkeeper-server/src/main/java/org/apache/bookkeeper/http/ExpandStorageService.java,93,224,110,103,55.0,2,2,108,103,54.0,64,49,32.0,?,0
14,src/test/java/org/apache/distributedlog/feature/TestDynamicConfigurationFeatureProvider.java,159,32,8,8,8.0,1,1,0,0,0.0,253,253,253.0,?,0
14,site/docs/4.5.1/overview/releaseNotesTemplate.md,10,34,17,17,17.0,1,1,17,17,17.0,30,30,30.0,?,0
14,src/main/java/org/apache/distributedlog/impl/logsegment/package-info.java,19,42,21,21,21.0,1,1,21,21,21.0,253,253,253.0,?,0
14,bookkeeper-http/vertx-http-server/src/test/java/org/apache/bookkeeper/http/vertx/TestVertxHttpServer.java,85,16,4,4,4.0,1,1,0,0,0.0,49,49,49.0,?,0
14,bookkeeper-server/src/test/java/org/apache/bookkeeper/replication/AuditorLedgerCheckerTest.java,842,44,21,21,21.0,1,1,20,20,20.0,10,10,10.0,?,0
14,src/test/java/org/apache/distributedlog/acl/TestZKAccessControlManager.java,155,28,8,8,8.0,1,1,2,2,2.0,253,253,253.0,?,0
14,src/test/java/org/apache/distributedlog/TestZooKeeperClientBuilder.java,50,4,1,1,1.0,1,1,0,0,0.0,253,253,253.0,?,0
14,src/main/java/org/apache/distributedlog/BKLogSegmentWriter.java,1222,360,116,63,58.0,2,2,52,47,26.0,254,253,127.0,?,0
14,bookkeeper-server/src/main/java/org/apache/bookkeeper/http/ListBookieInfoService.java,113,262,131,131,131.0,1,1,131,131,131.0,49,49,49.0,?,0
14,src/main/java/org/apache/distributedlog/bk/SimpleLedgerAllocator.java,466,120,30,19,15.0,2,2,0,5,0.0,267,253,133.5,?,0
14,src/main/java/org/apache/distributedlog/metadata/LogMetadata.java,152,32,8,8,8.0,1,1,0,0,0.0,253,253,253.0,?,0
14,bookkeeper-server/src/main/java/org/apache/bookkeeper/streaming/package-info.java,19,46,23,23,23.0,1,1,23,23,23.0,33,33,33.0,?,0
14,src/main/java/org/apache/distributedlog/lock/LockAction.java,30,8,2,2,2.0,1,1,0,0,0.0,253,253,253.0,?,0
14,site/docs/4.6.0/reference/cli.md,7,20,10,10,10.0,1,1,10,10,10.0,30,30,30.0,?,0
14,src/main/java/org/apache/distributedlog/lock/ZKSessionLockFactory.java,117,8,2,2,2.0,1,1,0,0,0.0,253,253,253.0,?,0
14,src/test/java/org/apache/distributedlog/util/TestConfUtils.java,45,10,4,4,4.0,1,1,3,3,3.0,253,253,253.0,?,0
14,bookkeeper-server/src/main/java/org/apache/bookkeeper/proto/BookieProtocol.java,355,282,98,97,49.0,2,1,55,55,27.5,9,7,4.5,?,0
14,bookkeeper-http/vertx-http-server/src/main/java/org/apache/bookkeeper/http/vertx/VertxHttpHandlerFactory.java,39,54,10,10,10.0,1,1,-7,0,-7.0,49,49,49.0,?,0
14,src/test/java/org/apache/distributedlog/logsegment/TestPerStreamLogSegmentCache.java,166,26,7,7,7.0,1,1,1,1,1.0,253,253,253.0,?,0
14,src/main/java/org/apache/distributedlog/exceptions/package-info.java,19,42,21,21,21.0,1,1,21,21,21.0,253,253,253.0,?,0
14,src/main/java/org/apache/distributedlog/util/CommandLineUtils.java,48,10,3,3,3.0,1,1,1,1,1.0,253,253,253.0,?,0
14,bookkeeper-server/src/test/java/org/apache/bookkeeper/bookie/BookieInitializationTest.java,834,532,248,185,124.0,2,1,230,183,115.0,26,15,13.0,?,0
14,bookkeeper-server/src/main/java/org/apache/bookkeeper/feature/FixedValueFeature.java,42,12,4,4,4.0,1,1,2,2,2.0,33,33,33.0,?,0
14,site/releases.md,70,4,1,1,1.0,1,1,0,0,0.0,14,14,14.0,?,0
14,src/test/java/org/apache/distributedlog/limiter/TestRequestLimiter.java,54,12,5,5,5.0,1,1,4,4,4.0,253,253,253.0,?,0
14,site/docs/4.5.1/admin/placement.md,3,6,3,3,3.0,1,1,3,3,3.0,30,30,30.0,?,0
14,bookkeeper-server/src/main/java/org/apache/bookkeeper/http/ReadLedgerEntryService.java,99,240,120,120,120.0,1,1,120,120,120.0,49,49,49.0,?,0
14,src/main/java/org/apache/distributedlog/lock/LockClosedException.java,30,6,1,1,1.0,1,1,-1,0,-1.0,253,253,253.0,?,0
14,bookkeeper-server/src/test/java/org/apache/bookkeeper/client/MockBookKeeperTestCase.java,377,864,432,432,432.0,1,1,432,432,432.0,55,55,55.0,?,0
14,src/main/java/org/apache/distributedlog/lock/package-info.java,19,4,1,1,1.0,1,1,0,0,0.0,253,253,253.0,?,0
14,src/main/java/org/apache/distributedlog/logsegment/LogSegmentEntryWriter.java,59,10,3,3,3.0,1,1,1,1,1.0,253,253,253.0,?,0
14,src/main/java/org/apache/distributedlog/zk/package-info.java,19,42,21,21,21.0,1,1,21,21,21.0,253,253,253.0,?,0
14,bookkeeper-server/src/main/java/org/apache/bookkeeper/client/api/OpBuilder.java,32,84,42,42,42.0,1,1,42,42,42.0,55,55,55.0,?,0
14,src/main/java/org/apache/distributedlog/bk/LedgerAllocatorDelegator.java,71,14,4,4,4.0,1,1,1,1,1.0,253,253,253.0,?,0
14,src/main/java/org/apache/distributedlog/metadata/LogMetadataForReader.java,91,12,3,3,3.0,1,1,0,0,0.0,253,253,253.0,?,0
14,bookkeeper-server/src/main/java/org/apache/bookkeeper/client/LedgerRecoveryOp.java,229,4,1,1,1.0,1,1,0,0,0.0,55,55,55.0,?,0
14,site/docs/4.6.0/api/ledger-api.md,332,946,473,473,473.0,1,1,473,473,473.0,30,30,30.0,?,0
14,bookkeeper-benchmark/src/main/java/org/apache/bookkeeper/benchmark/BenchThroughputLatency.java,396,4,1,1,1.0,1,1,0,0,0.0,25,25,25.0,?,0
14,site/index.html,54,4,1,1,1.0,1,1,0,0,0.0,14,14,14.0,?,0
14,bookkeeper-server/src/test/resources/bk_server.conf,20,42,21,21,21.0,1,1,21,21,21.0,19,19,19.0,?,0
14,bookkeeper-server/src/main/java/org/apache/bookkeeper/zookeeper/ZooKeeperWatcherBase.java,167,16,4,4,4.0,1,1,0,0,0.0,33,33,33.0,?,0
14,src/main/java/org/apache/distributedlog/DistributedLogConfiguration.java,3266,496,156,156,156.0,1,1,64,64,64.0,253,253,253.0,?,0
14,src/main/java/org/apache/distributedlog/EnvelopedEntryReader.java,131,4,1,1,1.0,1,1,0,0,0.0,253,253,253.0,?,0
14,src/test/java/org/apache/distributedlog/TestBKLogSegmentWriter.java,721,74,19,19,19.0,1,1,1,1,1.0,253,253,253.0,?,0
14,bookkeeper-common/src/main/java/org/apache/bookkeeper/common/component/ComponentStarter.java,56,142,71,71,71.0,1,1,71,71,71.0,40,40,40.0,?,0
14,site/docs/4.6.0/admin/upgrade.md,49,146,73,73,73.0,1,1,73,73,73.0,30,30,30.0,?,0
14,bookkeeper-server/src/main/java/org/apache/bookkeeper/shims/zk/package-info.java,19,46,23,23,23.0,1,1,23,23,23.0,33,33,33.0,?,0
14,bookkeeper-server/src/main/java/org/apache/bookkeeper/proto/ReadEntryProcessor.java,157,62,29,25,14.5,2,2,27,23,13.5,6,4,3.0,?,0
14,dlfs/src/main/java/org/apache/distributedlog/fs/package-info.java,18,44,22,22,22.0,1,1,22,22,22.0,9,9,9.0,?,0
14,site/docs/4.5.1/deployment/kubernetes.md,4,8,4,4,4.0,1,1,4,4,4.0,30,30,30.0,?,0
14,bookkeeper-server/src/main/java/org/apache/bookkeeper/client/PendingAddOp.java,385,340,137,111,45.666666666666664,3,3,104,90,34.666666666666664,77,55,25.666666666666668,?,0
14,bookkeeper-server/src/main/java/org/apache/bookkeeper/client/LedgerFragment.java,196,212,89,89,89.0,1,1,72,72,72.0,16,16,16.0,?,0
14,bookkeeper-server/src/main/java/org/apache/bookkeeper/client/LedgerCreateOp.java,339,410,195,195,195.0,1,1,185,185,185.0,55,55,55.0,?,0
14,bookkeeper-server/src/main/java/org/apache/bookkeeper/client/BookieInfoReader.java,399,22,5,3,1.6666666666666667,3,3,-1,0,-0.3333333333333333,75,40,25.0,?,0
14,src/test/java/org/apache/distributedlog/util/TestUtils.java,131,56,15,8,7.5,2,2,2,1,1.0,267,253,133.5,?,0
14,docker/scripts/healthcheck.sh,24,4,1,1,1.0,1,1,0,0,0.0,1,1,1.0,?,0
14,bookkeeper-server/src/test/java/org/apache/bookkeeper/conf/TestServerConfiguration.java,67,68,34,34,34.0,1,1,34,34,34.0,19,19,19.0,?,0
14,bookkeeper-server/conf/log4j.shell.properties,34,14,7,7,7.0,1,1,7,7,7.0,16,16,16.0,?,0
14,src/main/java/org/apache/distributedlog/callback/LogSegmentNamesListener.java,35,6,2,2,2.0,1,1,1,1,1.0,253,253,253.0,?,0
14,src/main/java/org/apache/distributedlog/BKTransmitPacket.java,75,8,3,3,3.0,1,1,2,2,2.0,253,253,253.0,?,0
14,bookkeeper-server/src/main/java/org/apache/bookkeeper/bookie/EntryLogCompactor.java,102,246,123,123,123.0,1,1,123,123,123.0,10,10,10.0,?,0
14,bookkeeper-server/src/main/java/org/apache/bookkeeper/bookie/BookieShell.java,2294,216,54,51,13.5,4,2,0,0,0.0,99,49,24.75,?,0
14,bookkeeper-server/src/main/java/org/apache/bookkeeper/bookie/Cookie.java,417,386,71,63,35.5,2,2,-51,0,-25.5,64,49,32.0,?,0
14,src/main/java/org/apache/distributedlog/BKDistributedLogNamespace.java,315,96,40,24,10.0,4,2,32,24,8.0,267,253,66.75,?,0
14,bookkeeper-common/src/main/java/org/apache/bookkeeper/common/annotation/InterfaceAudience.java,44,0,0,0,0.0,1,1,0,0,0.0,40,40,40.0,?,0
14,bookkeeper-common/src/test/java/org/apache/bookkeeper/common/component/TestLifecycleComponentStack.java,94,232,116,116,116.0,1,1,116,116,116.0,40,40,40.0,?,0
14,bookkeeper-server/src/main/java/org/apache/bookkeeper/streaming/LedgerInputStream.java,160,40,11,11,11.0,1,1,2,2,2.0,33,33,33.0,?,0
14,src/main/java/org/apache/distributedlog/logsegment/LogSegmentMetadataStore.java,147,36,9,9,9.0,1,1,0,0,0.0,253,253,253.0,?,0
14,bookkeeper-common/src/main/java/org/apache/bookkeeper/common/component/package-info.java,18,44,22,22,22.0,1,1,22,22,22.0,40,40,40.0,?,0
14,src/test/java/org/apache/distributedlog/metadata/TestDLMetadata.java,178,26,9,9,9.0,1,1,5,5,5.0,253,253,253.0,?,0
14,bookkeeper-server/src/main/java/org/apache/bookkeeper/http/BKHttpServiceProvider.java,166,398,197,195,98.5,2,2,195,195,97.5,74,49,37.0,?,0
14,src/main/java/org/apache/bookkeeper/client/LedgerReader.java,188,26,9,7,4.5,2,1,5,3,2.5,254,253,127.0,?,0
14,src/test/java/org/apache/distributedlog/logsegment/TestRollingPolicy.java,50,4,1,1,1.0,1,1,0,0,0.0,253,253,253.0,?,0
14,src/main/java/org/apache/distributedlog/impl/acl/ZKAccessControl.java,208,56,17,17,17.0,1,1,6,6,6.0,253,253,253.0,?,0
14,src/main/java/org/apache/distributedlog/util/SimplePermitLimiter.java,99,10,3,3,3.0,1,1,1,1,1.0,253,253,253.0,?,0
14,bookkeeper-server/src/main/java/org/apache/bookkeeper/client/api/LedgerEntry.java,62,152,76,76,76.0,1,1,76,76,76.0,55,55,55.0,?,0
14,src/main/java/org/apache/distributedlog/zk/ZKWatcherManager.java,214,70,20,20,20.0,1,1,5,5,5.0,253,253,253.0,?,0
14,bookkeeper-server/src/main/java/org/apache/bookkeeper/feature/FeatureProvider.java,35,6,1,1,1.0,1,1,-1,0,-1.0,33,33,33.0,?,0
14,src/test/java/org/apache/distributedlog/selector/TestLogRecordSelectors.java,108,4,1,1,1.0,1,1,0,0,0.0,253,253,253.0,?,0
14,bookkeeper-server/src/main/java/org/apache/bookkeeper/server/service/AutoRecoveryService.java,49,136,65,62,32.5,2,2,62,62,31.0,59,40,29.5,?,0
14,bookkeeper-server/src/main/java/org/apache/bookkeeper/bookie/BookKeeperServerStats.java,119,6,3,3,3.0,1,1,3,3,3.0,5,5,5.0,?,0
14,site/docs/4.5.1/admin/autorecovery.md,80,256,128,128,128.0,1,1,128,128,128.0,30,30,30.0,?,0
14,bookkeeper-server/src/main/java/org/apache/bookkeeper/util/OrderedSafeExecutor.java,243,542,14,14,14.0,1,1,-243,0,-243.0,22,22,22.0,?,0
14,bookkeeper-stats-providers/prometheus-metrics-provider/src/test/java/org/apache/bookkeeper/stats/prometheus/TestPrometheusMetricsProvider.java,45,110,55,54,27.5,2,2,55,54,27.5,8,7,4.0,?,0
14,src/test/java/org/apache/distributedlog/TestLogSegmentMetadata.java,135,26,7,7,7.0,1,1,1,1,1.0,253,253,253.0,?,0
14,bookkeeper-http/twitter-http-server/src/main/java/org/apache/bookkeeper/http/twitter/TwitterHttpServer.java,89,32,11,11,11.0,1,1,6,6,6.0,49,49,49.0,?,0
14,bookkeeper-server/src/main/java/org/apache/bookkeeper/server/service/StatsProviderService.java,48,134,65,63,32.5,2,2,63,63,31.5,59,40,29.5,?,0
14,bookkeeper-server/src/test/java/org/apache/bookkeeper/client/TestLedgerChecker.java,436,132,52,45,26.0,2,2,38,35,19.0,35,19,17.5,?,0
14,src/main/java/org/apache/distributedlog/tools/Tool.java,216,22,7,7,7.0,1,1,3,3,3.0,253,253,253.0,?,0
14,bookkeeper-server/src/main/java/org/apache/bookkeeper/replication/AutoRecoveryMain.java,294,26,5,3,2.5,2,2,-3,0,-1.5,65,49,32.5,?,0
14,bookkeeper-common/src/test/java/org/apache/bookkeeper/common/concurrent/TestFutureUtils.java,350,774,387,387,387.0,1,1,387,387,387.0,22,22,22.0,?,0
14,bookkeeper-server/src/main/java/org/apache/bookkeeper/bookie/IndexPersistenceMgr.java,719,630,207,203,103.5,2,2,99,99,49.5,60,55,30.0,?,0
14,bookkeeper-common/src/main/java/org/apache/bookkeeper/common/util/SharedResourceManager.java,133,328,164,164,164.0,1,1,164,164,164.0,6,6,6.0,?,0
14,src/main/java/org/apache/distributedlog/callback/NamespaceListener.java,30,6,3,3,3.0,1,1,3,3,3.0,253,253,253.0,?,0
14,src/main/java/org/apache/distributedlog/limiter/ChainedRequestLimiter.java,65,22,8,8,8.0,1,1,5,5,5.0,253,253,253.0,?,0
14,src/main/java/org/apache/distributedlog/logsegment/LogSegmentMetadataCache.java,85,10,3,3,3.0,1,1,1,1,1.0,253,253,253.0,?,0
14,bookkeeper-server/src/main/java/org/apache/bookkeeper/util/SafeRunnable.java,71,46,3,3,3.0,1,1,-17,0,-17.0,22,22,22.0,?,0
14,src/main/java/org/apache/distributedlog/feature/CoreFeatureKeys.java,25,4,1,1,1.0,1,1,0,0,0.0,253,253,253.0,?,0
14,bookkeeper-common/src/main/java/org/apache/bookkeeper/common/component/LifecycleListener.java,25,76,38,38,38.0,1,1,38,38,38.0,40,40,40.0,?,0
14,bookkeeper-server/src/main/java/org/apache/bookkeeper/feature/package-info.java,27,66,33,33,33.0,1,1,33,33,33.0,33,33,33.0,?,0
14,src/test/java/org/apache/distributedlog/NonBlockingReadsTestUtil.java,128,18,5,5,5.0,1,1,1,1,1.0,253,253,253.0,?,0
14,bookkeeper-server/src/test/java/org/apache/bookkeeper/client/BookKeeperDiskSpaceWeightedLedgerPlacementTest.java,426,32,7,6,3.5,2,2,-2,0,-1.0,29,25,14.5,?,0
14,site/docs/4.6.0/overview/overview.md,44,158,69,57,34.5,2,2,59,57,29.5,35,30,17.5,?,0
14,bookkeeper-server/src/main/java/org/apache/bookkeeper/http/ListUnderReplicatedLedgerService.java,109,248,124,124,124.0,1,1,124,124,124.0,49,49,49.0,?,0
14,bookkeeper-server/src/main/java/org/apache/bookkeeper/client/api/WriteHandle.java,43,110,55,55,55.0,1,1,55,55,55.0,55,55,55.0,?,0
14,bookkeeper-server/src/main/java/org/apache/bookkeeper/server/component/package-info.java,18,42,21,21,21.0,1,1,21,21,21.0,19,19,19.0,?,0
14,src/main/java/org/apache/distributedlog/BKLogWriteHandler.java,1214,216,62,61,31.0,2,1,16,16,8.0,254,253,127.0,?,0
14,bookkeeper-server/src/main/java/org/apache/bookkeeper/replication/ReplicationStats.java,38,2,1,1,1.0,1,1,1,1,1.0,16,16,16.0,?,0
14,src/main/java/org/apache/distributedlog/zk/LimitedPermitManager.java,169,62,16,16,16.0,1,1,1,1,1.0,253,253,253.0,?,0
14,src/main/java/org/apache/distributedlog/Entry.java,201,12,3,3,3.0,1,1,0,0,0.0,253,253,253.0,?,0
14,src/main/java/org/apache/distributedlog/BKAbstractLogWriter.java,493,88,26,26,26.0,1,1,8,8,8.0,253,253,253.0,?,0
14,src/main/java/org/apache/distributedlog/BookKeeperClientBuilder.java,195,26,7,7,7.0,1,1,1,1,1.0,253,253,253.0,?,0
14,bookkeeper-server/src/main/java/org/apache/bookkeeper/http/LostBookieRecoveryDelayService.java,88,206,103,103,103.0,1,1,103,103,103.0,49,49,49.0,?,0
14,site/docs/4.5.1/deployment/dcos.md,91,284,142,142,142.0,1,1,142,142,142.0,30,30,30.0,?,0
14,src/test/java/org/apache/distributedlog/TestLogSegmentCreation.java,92,14,5,5,5.0,1,1,3,3,3.0,253,253,253.0,?,0
14,site/docs/4.5.1/admin/geo-replication.md,13,44,22,22,22.0,1,1,22,22,22.0,30,30,30.0,?,0
14,bookkeeper-server/src/test/java/org/apache/bookkeeper/client/TestReadTimeout.java,69,52,13,13,13.0,1,1,0,0,0.0,25,25,25.0,?,0
14,bookkeeper-server/src/test/java/org/apache/bookkeeper/bookie/CookieTest.java,579,72,30,30,30.0,1,1,24,24,24.0,15,15,15.0,?,0
14,bookkeeper-server/src/main/java/org/apache/bookkeeper/proto/BookieServer.java,196,548,23,12,4.6,5,3,-228,12,-45.6,135,49,27.0,?,0
14,bookkeeper-server/src/main/java/org/apache/bookkeeper/http/BKServiceProvider.java,89,220,0,0,0.0,1,1,-110,0,-110.0,49,49,49.0,?,0
14,src/main/resources/LICENSE.bin.txt,249,0,0,0,0.0,1,1,0,0,0.0,8,8,8.0,?,0
14,src/test/java/org/apache/distributedlog/impl/TestZKLogMetadataStore.java,110,52,19,15,9.5,2,1,12,12,6.0,260,253,130.0,?,0
14,bookkeeper-server/pom.xml,519,246,100,53,20.0,5,3,77,53,15.4,92,40,18.4,?,0
14,src/main/java/org/apache/distributedlog/ZooKeeperClientBuilder.java,206,52,14,14,14.0,1,1,2,2,2.0,253,253,253.0,?,0
14,bookkeeper-server/src/main/java/org/apache/bookkeeper/shims/zk/ZooKeeperServerShimImpl.java,50,10,2,2,2.0,1,1,-1,0,-1.0,33,33,33.0,?,0
14,src/main/java/org/apache/distributedlog/lock/LockStateChangedException.java,29,8,2,2,2.0,1,1,0,0,0.0,253,253,253.0,?,0
14,bookkeeper-server/src/main/java/org/apache/bookkeeper/bookie/BookieStatus.java,216,484,242,242,242.0,1,1,242,242,242.0,11,11,11.0,?,0
14,src/main/java/org/apache/distributedlog/injector/RandomDelayFailureInjector.java,48,4,1,1,1.0,1,1,0,0,0.0,253,253,253.0,?,0
14,site/docs/latest/admin/metrics.md,27,4,1,1,1.0,1,1,0,0,0.0,5,5,5.0,?,0
14,src/test/java/org/apache/distributedlog/util/TestDLUtils.java,261,22,6,6,6.0,1,1,1,1,1.0,253,253,253.0,?,0
14,site/docs/4.6.0/security/zookeeper.md,29,82,41,41,41.0,1,1,41,41,41.0,30,30,30.0,?,0
14,src/main/java/org/apache/distributedlog/util/DLUtils.java,337,44,12,11,6.0,2,2,2,2,1.0,254,253,127.0,?,0
14,src/test/java/org/apache/distributedlog/TestBKDistributedLogNamespace.java,411,20,6,6,6.0,1,1,2,2,2.0,253,253,253.0,?,0
14,bookkeeper-http/http-server/src/main/java/org/apache/bookkeeper/http/HttpServer.java,90,64,30,30,30.0,1,1,28,28,28.0,49,49,49.0,?,0
14,src/main/java/org/apache/distributedlog/config/DynamicDistributedLogConfiguration.java,324,30,10,10,10.0,1,1,5,5,5.0,253,253,253.0,?,0
14,site/docs/4.5.1/getting-started/concepts.md,122,404,202,202,202.0,1,1,202,202,202.0,30,30,30.0,?,0
14,bookkeeper-server/src/main/java/org/apache/bookkeeper/http/GetLedgerMetaService.java,73,180,90,90,90.0,1,1,90,90,90.0,49,49,49.0,?,0
14,site/docs/4.5.1/admin/perf.md,3,6,3,3,3.0,1,1,3,3,3.0,30,30,30.0,?,0
14,src/main/java/org/apache/distributedlog/logsegment/LogSegmentWriter.java,74,22,5,5,5.0,1,1,-1,0,-1.0,253,253,253.0,?,0
14,bookkeeper-server/src/main/java/org/apache/bookkeeper/bookie/LogMark.java,66,4,1,1,1.0,1,1,0,0,0.0,49,49,49.0,?,0
14,site/docs/4.5.1/admin/metrics.md,27,82,41,41,41.0,1,1,41,41,41.0,30,30,30.0,?,0
14,bookkeeper-server/src/main/java/org/apache/bookkeeper/http/DeleteLedgerService.java,68,162,81,81,81.0,1,1,81,81,81.0,49,49,49.0,?,0
14,bookkeeper-server/src/main/java/org/apache/bookkeeper/client/BookieWatcher.java,199,758,86,68,28.666666666666668,3,3,-207,15,-69.0,90,55,30.0,?,0
14,src/main/java/org/apache/distributedlog/selector/package-info.java,19,42,21,21,21.0,1,1,21,21,21.0,253,253,253.0,?,0
14,src/main/java/org/apache/distributedlog/feature/DynamicConfigurationFeatureProvider.java,120,64,18,18,18.0,1,1,4,4,4.0,253,253,253.0,?,0
14,bookkeeper-server/src/main/java/org/apache/bookkeeper/client/BKException.java,264,394,7,7,7.0,1,1,-183,0,-183.0,55,55,55.0,?,0
14,bookkeeper-server/src/test/java/org/apache/bookkeeper/server/TestMain.java,78,198,99,99,99.0,1,1,99,99,99.0,19,19,19.0,?,0
14,bookkeeper-server/src/test/java/org/apache/bookkeeper/proto/TestDeathwatcher.java,46,124,0,0,0.0,1,1,-62,0,-62.0,40,40,40.0,?,0
14,src/test/java/org/apache/distributedlog/util/TestTimeSequencer.java,39,12,5,5,5.0,1,1,4,4,4.0,253,253,253.0,?,0
14,bookkeeper-server/src/main/java/org/apache/bookkeeper/util/Main.java,41,108,0,0,0.0,1,1,-54,0,-54.0,22,22,22.0,?,0
14,src/test/java/org/apache/distributedlog/TestReadUtils.java,301,88,23,23,23.0,1,1,2,2,2.0,253,253,253.0,?,0
14,bookkeeper-common/src/test/java/org/apache/bookkeeper/common/util/TestSharedResourceManager.java,213,512,256,256,256.0,1,1,256,256,256.0,6,6,6.0,?,0
14,src/main/java/org/apache/distributedlog/metadata/LogMetadataStore.java,58,8,3,3,3.0,1,1,2,2,2.0,7,7,7.0,?,0
14,dlfs/src/test/java/org/apache/distributedlog/fs/TestDLFSBase.java,47,118,59,59,59.0,1,1,59,59,59.0,9,9,9.0,?,0
14,src/main/java/org/apache/distributedlog/BKSyncLogReader.java,257,48,13,13,13.0,1,1,2,2,2.0,253,253,253.0,?,0
14,bookkeeper-server/src/main/java/org/apache/bookkeeper/feature/Feature.java,39,6,2,2,2.0,1,1,1,1,1.0,33,33,33.0,?,0
14,src/main/java/org/apache/distributedlog/injector/AsyncRandomFailureInjector.java,161,14,5,5,5.0,1,1,3,3,3.0,253,253,253.0,?,0
14,site/docs/4.5.1/api/ledger-adv-api.md,59,164,82,82,82.0,1,1,82,82,82.0,30,30,30.0,?,0
14,bookkeeper-server/src/main/java/org/apache/bookkeeper/zookeeper/ExponentialBackoffRetryPolicy.java,38,6,3,3,3.0,1,1,3,3,3.0,33,33,33.0,?,0
14,bookkeeper-http/vertx-http-server/src/main/java/org/apache/bookkeeper/http/vertx/VertxAbstractHandler.java,81,40,10,10,10.0,1,1,0,0,0.0,49,49,49.0,?,0
14,src/test/java/org/apache/distributedlog/TestZooKeeperClient.java,384,124,37,37,37.0,1,1,12,12,12.0,253,253,253.0,?,0
14,bookkeeper-server/src/main/java/org/apache/bookkeeper/stats/AlertStatsLogger.java,65,8,2,2,2.0,1,1,0,0,0.0,33,33,33.0,?,0
14,src/main/java/org/apache/distributedlog/BKDistributedLogManager.java,970,180,61,49,30.5,2,1,32,21,16.0,256,253,128.0,?,0
14,src/test/java/org/apache/distributedlog/TestReadAheadEntryReader.java,411,30,7,7,7.0,1,1,-1,0,-1.0,253,253,253.0,?,0
14,src/main/java/org/apache/distributedlog/BookKeeperClient.java,264,88,22,13,11.0,2,1,0,0,0.0,254,253,127.0,?,0
14,src/test/java/org/apache/distributedlog/lock/TestDistributedLock.java,708,106,26,26,26.0,1,1,-1,0,-1.0,253,253,253.0,?,0
14,bookkeeper-server/src/main/java/org/apache/bookkeeper/client/RackawareEnsemblePlacementPolicy.java,175,40,12,12,12.0,1,1,4,4,4.0,19,19,19.0,?,0
14,src/main/java/org/apache/distributedlog/limiter/ComposableRequestLimiter.java,64,72,21,21,21.0,1,1,6,6,6.0,253,253,253.0,?,0
14,dlfs/src/main/java/org/apache/distributedlog/fs/DLInputStream.java,203,488,244,244,244.0,1,1,244,244,244.0,9,9,9.0,?,0
14,site/img/logos/bk-logo-with-text.png,737,0,0,0,0.0,1,1,0,0,0.0,14,14,14.0,?,0
14,site/docs/4.6.0/admin/metrics.md,27,82,41,41,41.0,1,1,41,41,41.0,30,30,30.0,?,0
14,src/main/java/org/apache/distributedlog/namespace/package-info.java,19,4,1,1,1.0,1,1,0,0,0.0,253,253,253.0,?,0
14,src/test/java/org/apache/distributedlog/TestAsyncReaderLock.java,522,86,25,25,25.0,1,1,7,7,7.0,253,253,253.0,?,0
14,bookkeeper-server/src/main/java/org/apache/bookkeeper/client/ExplicitLacFlushPolicy.java,135,12,3,3,3.0,1,1,0,0,0.0,55,55,55.0,?,0
14,src/main/java/org/apache/distributedlog/admin/DistributedLogAdmin.java,845,244,71,71,71.0,1,1,20,20,20.0,253,253,253.0,?,0
14,src/main/java/org/apache/distributedlog/LocalDLMEmulator.java,307,102,29,29,29.0,1,1,7,7,7.0,253,253,253.0,?,0
14,src/main/java/org/apache/distributedlog/api/AsyncLogReader.java,66,36,11,11,11.0,1,1,4,4,4.0,253,253,253.0,?,0
14,bookkeeper-server/src/main/java/org/apache/bookkeeper/client/api/ReadHandle.java,87,202,101,101,101.0,1,1,101,101,101.0,55,55,55.0,?,0
14,src/main/java/org/apache/distributedlog/feature/package-info.java,19,4,1,1,1.0,1,1,0,0,0.0,253,253,253.0,?,0
14,site/_config.yml,58,4,1,1,1.0,1,1,0,0,0.0,14,14,14.0,?,0
14,src/test/java/org/apache/distributedlog/DLMTestUtil.java,449,172,47,47,47.0,1,1,8,8,8.0,253,253,253.0,?,0
14,src/main/java/org/apache/distributedlog/util/Transaction.java,80,44,11,11,11.0,1,1,0,0,0.0,253,253,253.0,?,0
14,src/main/java/org/apache/distributedlog/ReadUtils.java,721,30,8,8,8.0,1,1,1,1,1.0,253,253,253.0,?,0
14,src/main/java/org/apache/distributedlog/api/namespace/Namespace.java,188,84,34,14,8.5,4,2,26,14,6.5,267,253,66.75,?,0
14,bookkeeper-common/src/main/java/org/apache/bookkeeper/common/util/Retries.java,128,284,142,142,142.0,1,1,142,142,142.0,22,22,22.0,?,0
14,src/main/java/org/apache/distributedlog/lock/ZKSessionLock.java,1234,250,71,71,71.0,1,1,17,17,17.0,253,253,253.0,?,0
14,src/test/java/org/apache/distributedlog/TestBKSyncLogReader.java,258,32,8,8,8.0,1,1,0,0,0.0,253,253,253.0,?,0
14,bookkeeper-server/src/test/java/org/apache/bookkeeper/util/TestReflectionUtils.java,64,160,80,80,80.0,1,1,80,80,80.0,19,19,19.0,?,0
14,dlfs/pom.xml,115,234,117,117,117.0,1,1,117,117,117.0,9,9,9.0,?,0
14,src/main/java/org/apache/distributedlog/bk/LedgerAllocatorPool.java,417,136,36,32,18.0,2,2,4,10,2.0,267,253,133.5,?,0
14,bookkeeper-benchmark/pom.xml,172,14,6,5,3.0,2,1,5,5,2.5,48,40,24.0,?,0
14,src/main/java/org/apache/distributedlog/namespace/NamespaceDriverManager.java,157,30,7,7,7.0,1,1,-1,0,-1.0,253,253,253.0,?,0
14,site/docs/4.6.0/getting-started/installation.md,53,148,74,74,74.0,1,1,74,74,74.0,30,30,30.0,?,0
14,src/main/java/org/apache/distributedlog/ZooKeeperClient.java,365,100,29,29,29.0,1,1,8,8,8.0,253,253,253.0,?,0
14,bookkeeper-server/src/main/java/org/apache/bookkeeper/client/RegionAwareEnsemblePlacementPolicy.java,575,296,86,86,86.0,1,1,24,24,24.0,19,19,19.0,?,0
14,bookkeeper-common/src/main/java/org/apache/bookkeeper/common/util/OrderedScheduler.java,427,966,483,483,483.0,1,1,483,483,483.0,22,22,22.0,?,0
14,bookkeeper-server/src/main/java/org/apache/bookkeeper/server/conf/BookieConfiguration.java,29,78,39,39,39.0,1,1,39,39,39.0,40,40,40.0,?,0
14,src/main/java/org/apache/distributedlog/bk/LedgerAllocator.java,27,14,5,5,5.0,1,1,3,3,3.0,253,253,253.0,?,0
14,src/main/java/org/apache/distributedlog/lock/DistributedLock.java,45,4,1,1,1.0,1,1,0,0,0.0,253,253,253.0,?,0
14,bookkeeper-stats-providers/prometheus-metrics-provider/src/main/java/org/apache/bookkeeper/stats/prometheus/PrometheusMetricsProvider.java,72,8,3,3,3.0,1,1,2,2,2.0,7,7,7.0,?,0
14,src/test/java/org/apache/distributedlog/TestInterleavedReaders.java,316,72,20,20,20.0,1,1,4,4,4.0,253,253,253.0,?,0
14,src/test/java/org/apache/distributedlog/impl/metadata/TestZKLogStreamMetadataStore.java,510,626,285,259,95.0,3,2,257,256,85.66666666666667,272,253,90.66666666666667,?,0
14,bookkeeper-common/src/main/java/org/apache/bookkeeper/util/MathUtils.java,21,8,2,2,2.0,1,1,0,0,0.0,55,55,55.0,?,0
14,site/docs/4.6.0/reference/config.md,6,18,9,9,9.0,1,1,9,9,9.0,30,30,30.0,?,0
14,site/img/logos/bk-logo-with-text.svg,79,158,79,79,79.0,1,1,79,79,79.0,14,14,14.0,?,0
14,site/docs/4.5.1/admin/bookies.md,118,360,180,180,180.0,1,1,180,180,180.0,30,30,30.0,?,0
14,src/test/java/org/apache/distributedlog/impl/federated/TestFederatedZKLogMetadataStore.java,395,78,20,16,10.0,2,1,1,1,0.5,260,253,130.0,?,0
14,site/docs/4.5.1/security/overview.md,15,42,21,21,21.0,1,1,21,21,21.0,30,30,30.0,?,0
14,site/docs/4.6.0/overview/releaseNotesTemplate.md,10,34,17,17,17.0,1,1,17,17,17.0,30,30,30.0,?,0
14,bookkeeper-server/src/main/java/org/apache/bookkeeper/client/api/CreateAdvBuilder.java,32,80,40,40,40.0,1,1,40,40,40.0,55,55,55.0,?,0
14,bookkeeper-server/src/main/java/org/apache/bookkeeper/client/EnsemblePlacementPolicy.java,293,60,18,18,18.0,1,1,6,6,6.0,19,19,19.0,?,0
14,bookkeeper-server/src/main/java/org/apache/bookkeeper/stats/package-info.java,19,46,23,23,23.0,1,1,23,23,23.0,33,33,33.0,?,0
14,bookkeeper-http/http-server/src/main/java/org/apache/bookkeeper/http/NullHttpServiceProvider.java,40,58,16,16,16.0,1,1,3,3,3.0,49,49,49.0,?,0
14,src/test/java/org/apache/distributedlog/bk/TestLedgerAllocatorPool.java,270,60,18,18,18.0,1,1,6,6,6.0,253,253,253.0,?,0
14,bookkeeper-server/src/main/java/org/apache/bookkeeper/versioning/package-info.java,19,46,23,23,23.0,1,1,23,23,23.0,33,33,33.0,?,0
14,src/test/java/org/apache/distributedlog/impl/TestZKNamespaceWatcher.java,163,34,9,9,9.0,1,1,1,1,1.0,253,253,253.0,?,0
14,bookkeeper-server/src/main/java/org/apache/bookkeeper/client/PendingReadOp.java,527,74,18,14,9.0,2,2,-1,0,-0.5,74,55,37.0,?,0
14,src/main/java/org/apache/distributedlog/impl/federated/package-info.java,19,42,21,21,21.0,1,1,21,21,21.0,253,253,253.0,?,0
14,dlfs/src/main/java/org/apache/distributedlog/fs/DLFileSystem.java,287,660,330,330,330.0,1,1,330,330,330.0,9,9,9.0,?,0
14,bookkeeper-common/src/main/java/org/apache/bookkeeper/common/util/Backoff.java,255,576,288,288,288.0,1,1,288,288,288.0,22,22,22.0,?,0
14,bookkeeper-server/src/main/java/org/apache/bookkeeper/conf/ServerConfiguration.java,2251,360,176,53,25.142857142857142,7,3,172,52,24.571428571428573,109,33,15.571428571428571,?,0
14,src/main/java/org/apache/distributedlog/MaxLogSegmentSequenceNo.java,60,10,3,3,3.0,1,1,1,1,1.0,253,253,253.0,?,0
14,src/test/java/org/apache/distributedlog/TestTruncate.java,277,58,17,17,17.0,1,1,5,5,5.0,253,253,253.0,?,0
